PROVINCE,DIVISION,DISTRICT,TEHSIL,NOW_POPULATION,POPULATION 1998,FEMALE_POPULATION,MALE_POPULATION,AREA (sq.km),AVG_HOUSEHOLD_SIZE,TRANSGENDER_POPULATION,SEX_RATIO,ANNUAL_GROWTH_RATE,Population Density,POPULATION_INCREASE
PUNJAB,BAHAWALPUR DIVISION,BAHAWALNAGAR DISTRICT,BAHAWALNAGAR TEHSIL,813390,541553,398046,415255,1729.0,12.12,89,104.710313,2.22197,470.43956043956047,271837
PUNJAB,BAHAWALPUR DIVISION,BAHAWALNAGAR DISTRICT,CHISHTIAN TEHSIL,689766,498270,340351,349334,1500.0,12.16,81,102.731023,1.65201,459.844,191496
PUNJAB,BAHAWALPUR DIVISION,BAHAWALNAGAR DISTRICT,FORT ABBAS TEHSIL,422768,285596,208691,214015,2536.0,12.32,62,102.310401,1.93306,166.70662460567823,137172
PUNJAB,BAHAWALPUR DIVISION,BAHAWALNAGAR DISTRICT,HAROONABAD TEHSIL,524715,381767,261044,263623,1295.0,12.17,48,101.310015,1.33279,405.18532818532816,142948
PUNJAB,BAHAWALPUR DIVISION,BAHAWALNAGAR DISTRICT,MINCHINABAD TEHSIL,525017,354261,256768,268200,1818.0,12.629999999999999,49,104.671031,1.9348,288.7882288228823,170756
PUNJAB,BAHAWALPUR DIVISION,BAHAWALPUR DISTRICT,AHMADPUR EAST TEHSIL,1078586,718297,526970,551528,1738.0,12.81,88,104.6810456,2.16218,620.590333716916,360289
PUNJAB,BAHAWALPUR DIVISION,BAHAWALPUR DISTRICT,BAHAWALPUR CITY TEHSIL,682116,419542,331842,350186,1490.0,5.91,88,0.010553,0.0347,457.7959731543624,262574
PUNJAB,BAHAWALPUR DIVISION,BAHAWALPUR DISTRICT,BAHAWALPUR SADDAR TEHSIL,575886,387038,274273,301550,745.0,12.31,63,104.913502,2.11211,773.0013422818791,188848
PUNJAB,BAHAWALPUR DIVISION,BAHAWALPUR DISTRICT,HASILPUR TEHSIL,456360,317513,227473,228860,1490.0,12.120000000000001,27,100.889981,1.72257,306.28187919463085,138847
PUNJAB,BAHAWALPUR DIVISION,BAHAWALPUR DISTRICT,KHAIRPUR TAMEWALI TEHSIL,262923,183903,128983,133933,993.0,11.969999999999999,7,104.1310231,1.82231,264.7764350453172,79020
PUNJAB,BAHAWALPUR DIVISION,BAHAWALPUR DISTRICT,YAZMAN TEHSIL,613305,406798,299607,313645,18374.0,12.59,53,104.771037,2.02453,33.37895939915097,206507
PUNJAB,BAHAWALPUR DIVISION,RAHIM YAR KHAN DISTRICT,KHANPUR TEHSIL,982085,683865,481300,500670,3190.0,13.87,115,104.1710356,1.8234,307.8636363636364,298220
PUNJAB,BAHAWALPUR DIVISION,RAHIM YAR KHAN DISTRICT,LIAQUATPUR TEHSIL,1033906,698985,506794,526980,3262.0,13.36,132,104.0710234,2.06243,316.9546290619252,334921
PUNJAB,BAHAWALPUR DIVISION,RAHIM YAR KHAN DISTRICT,RAHIM YAR KHAN TEHSIL,1530183,985655,745707,784275,2464.0,13.0,201,105.5710433,2.05303,621.015827922078,544528
PUNJAB,BAHAWALPUR DIVISION,RAHIM YAR KHAN DISTRICT,SADIQABAD TEHSIL,1261588,772548,611612,649855,2964.0,13.55,121,106.9110378,2.6265,425.6369770580297,489040
PUNJAB,D.G.KHAN DIVISION,DERA GHAZI KHAN DISTRICT,DE-EXCLUDED AREA D.G KHAN,212652,126198,103213,109429,5339.0,7.35,10,106.0200,2.78,39.8299306986327,86454
PUNJAB,D.G.KHAN DIVISION,DERA GHAZI KHAN DISTRICT,DERA GHAZI KHAN TEHSIL,1224964,712930,612899,611983,2012.0,16.56,82,98.3910295,2.45394,608.8290258449305,512034
PUNJAB,D.G.KHAN DIVISION,DERA GHAZI KHAN DISTRICT,KOT CHHUTTA TEHSIL,757230,438306,377704,379475,1802.0,17.96,51,100.510007,2.53,420.21642619311876,318924
PUNJAB,D.G.KHAN DIVISION,DERA GHAZI KHAN DISTRICT,TAUNSA TEHSIL,677785,365684,327311,350440,2769.0,14.18,34,106.9910755,3.06501,244.7760924521488,312101
PUNJAB,D.G.KHAN DIVISION,LAYYAH DISTRICT,CHOUBARA TEHSIL,252540,161010,124003,128526,2754.0,13.61,11,103.8610278,1.26,91.69934640522875,91530
PUNJAB,D.G.KHAN DIVISION,LAYYAH DISTRICT,LAYYAH TEHSIL,977088,591042,479594,497417,1712.0,12.42,77,103.7310365,2.55322,570.7289719626168,386046
PUNJAB,D.G.KHAN DIVISION,MUZAFFARGARH DISTRICT,ALIPUR TEHSIL,640384,398053,310457,329881,1391.0,13.46,46,106.5610232,2.54235,460.37670740474476,242331
PUNJAB,D.G.KHAN DIVISION,MUZAFFARGARH DISTRICT,JATOI TEHSIL,715177,446546,348671,366460,1010.0,12.2,46,105.4410393,1.83598,708.0960396039604,268631
PUNJAB,D.G.KHAN DIVISION,MUZAFFARGARH DISTRICT,KOT ADDU TEHSIL,1347501,808438,657460,689962,3471.0,12.9,79,105.161040,2.46404,388.2169403630078,539063
PUNJAB,D.G.KHAN DIVISION,MUZAFFARGARH DISTRICT,MUZAFFARGARH TEHSIL,1625487,982866,788557,836782,2377.0,12.82,148,105.7510822,2.65287,683.8397139251157,642621
PUNJAB,D.G.KHAN DIVISION,RAJANPUR DISTRICT,DE-EXCLUDED AREA RAJANPUR,34191,14051,15909,18280,5013.0,6.56,2,114.900,4.78,6.8204667863554755,20140
PUNJAB,D.G.KHAN DIVISION,RAJANPUR DISTRICT,JAMPUR TEHSIL,849389,485051,415556,433764,2322.0,14.719999999999999,69,104.5310339,3.05259,365.80060292850993,364338
PUNJAB,D.G.KHAN DIVISION,RAJANPUR DISTRICT,RAJANPUR TEHSIL,706770,395953,342489,364183,2078.0,14.79,98,106.6310564,2.4518,340.1203079884504,310817
PUNJAB,D.G.KHAN DIVISION,RAJANPUR DISTRICT,ROJHAN TEHSIL,405689,208563,193714,211937,2905.0,14.370000000000001,38,109.5310611,3.66142,139.65197934595525,197126
PUNJAB,FAISALABAD DIVISION,CHINIOT DISTRICT,BHAWANA TEHSIL,373841,272754,183012,190789,879.0,12.61,40,104.4110265,1.44479,425.30261660978385,101087
PUNJAB,FAISALABAD DIVISION,CHINIOT DISTRICT,CHINIOT TEHSIL,555796,382876,269986,285756,709.0,12.899999999999999,54,104.691070,1.46255,783.9153737658675,172920
PUNJAB,FAISALABAD DIVISION,CHINIOT DISTRICT,LALIAN TEHSIL,439022,309494,215916,223061,1055.0,11.41,45,104.2610051,1.75218,416.1345971563981,129528
PUNJAB,FAISALABAD DIVISION,FAISALABAD DISTRICT,CHAK JHUMRA TEHSIL,332966,253806,165259,167673,654.0,12.690000000000001,34,101.3310224,1.31222,509.1223241590214,79160
PUNJAB,FAISALABAD DIVISION,FAISALABAD DISTRICT,FAISALABAD CITY TEHSIL,3244259,2140346,1574667,1669218,168.0,12.629999999999999,374,105.8810601,6.84249,19311.065476190477,1103913
PUNJAB,FAISALABAD DIVISION,FAISALABAD DISTRICT,FAISALABAD SADAR TEHSIL,1465027,924110,713993,750889,1186.0,13.1,145,105.2510227,2.4429,1235.2672849915682,540917
PUNJAB,FAISALABAD DIVISION,FAISALABAD DISTRICT,JARANWALA TEHSIL,1493923,1061846,725957,767809,1811.0,13.0,157,105.6610633,1.67268,824.9160684704583,432077
PUNJAB,FAISALABAD DIVISION,FAISALABAD DISTRICT,SAMMUNDRI TEHSIL,643114,508637,318721,324328,754.0,12.93,65,102.0210096,0.36567,852.9363395225464,134477
PUNJAB,FAISALABAD DIVISION,FAISALABAD DISTRICT,TANDLIAN WALA TEHSIL,703155,540802,344087,359015,1284.0,12.809999999999999,53,104.4810328,1.3616,547.6285046728972,162353
PUNJAB,FAISALABAD DIVISION,JHANG DISTRICT,18-HAZARI TEHSIL,295714,200036,146000,149692,1566.0,12.39,22,102.3910389,1.55,188.8339719029374,95678
PUNJAB,FAISALABAD DIVISION,JHANG DISTRICT,AHMADPUR SIAL TEHSIL,433534,296465,214001,219496,851.0,13.21,37,102.771015,2.02201,509.4406580493537,137069
PUNJAB,FAISALABAD DIVISION,JHANG DISTRICT,JHANG TEHSIL,1464818,999130,717280,747381,2591.0,12.45,157,104.1710425,2.12182,565.348514087225,465688
PUNJAB,FAISALABAD DIVISION,JHANG DISTRICT,SHORKOT TEHSIL,548567,373790,270163,278359,1158.0,12.489999999999998,45,103.2610159,2.08178,473.71934369602764,174777
PUNJAB,FAISALABAD DIVISION,TOBA TEK SINGH DISTRICT,GOJRA TEHSIL,657222,495096,327690,329446,851.0,12.9,86,100.959939,1.3209,772.2937720329024,162126
PUNJAB,FAISALABAD DIVISION,TOBA TEK SINGH DISTRICT,KAMALIA TEHSIL,372010,283674,184466,187494,486.0,13.02,50,102.3310044,1.26176,765.4526748971193,88336
PUNJAB,FAISALABAD DIVISION,TOBA TEK SINGH DISTRICT,PIRMAHAL TEHSIL,422246,288592,209733,212466,774.0,12.32,47,101.3810065,2.02201,545.5374677002584,133654
PUNJAB,FAISALABAD DIVISION,TOBA TEK SINGH DISTRICT,TOBA TEK SINGH TEHSIL,740017,554231,368990,370959,1141.0,12.219999999999999,68,101.03969,1.47199,648.5687992988607,185786
PUNJAB,GUJRANWALA DIVISION,GUJRANWALA DISTRICT,GUJRANWALA CITY TEHSIL,259764,115122,128365,131374,131.0,13.26,25,105.3610117,6.93362,1982.9312977099237,144642
PUNJAB,GUJRANWALA DIVISION,GUJRANWALA DISTRICT,GUJRANWALA SADDAR TEHSIL,2806529,1812137,1379480,1426685,783.0,13.26,364,100.7710422,0.47304,3584.3282247765005,994392
PUNJAB,GUJRANWALA DIVISION,GUJRANWALA DISTRICT,KAMOKE TEHSIL,579690,405366,285392,294210,834.0,13.84,88,102.9110333,1.42261,695.0719424460432,174324
PUNJAB,GUJRANWALA DIVISION,GUJRANWALA DISTRICT,NOWSHERA VIRKAN TEHSIL,534811,424082,266373,268389,678.0,14.129999999999999,49,100.8110022,1.15199,788.806784660767,110729
PUNJAB,GUJRANWALA DIVISION,GUJRANWALA DISTRICT,WAZIRABAD TEHSIL,830272,644233,421847,408332,1196.0,12.67,93,96.74969,1.09182,694.2073578595317,186039
PUNJAB,GUJRANWALA DIVISION,GUJRAT DISTRICT,GUJRAT TEHSIL,1497706,1093088,771507,726071,1463.0,12.41,128,92.259747,1.42213,1023.7224880382776,404618
PUNJAB,GUJRANWALA DIVISION,GUJRAT DISTRICT,KHARIAN TEHSIL,1011262,779632,520990,490199,1154.0,12.32,73,89.151130,1.29167,876.3102253032929,231630
PUNJAB,GUJRANWALA DIVISION,GUJRAT DISTRICT,SARAI ALAMGIR TEHSIL,247321,175288,128798,118505,575.0,11.82,18,91.399421,1.76207,430.12347826086955,72033
PUNJAB,GUJRANWALA DIVISION,HAFIZABAD DISTRICT,HAFIZABAD TEHSIL,663916,485187,330271,333591,1189.0,13.27,54,100.710147,0.931,558.3818334735072,178729
PUNJAB,GUJRANWALA DIVISION,HAFIZABAD DISTRICT,PINDI BHATTIAN TEHSIL,493038,347793,241917,251077,1178.0,12.969999999999999,44,104.0510311,1.47298,418.53820033955856,145245
PUNJAB,GUJRANWALA DIVISION,MANDI BAHAUDDIN DISTRICT,MALAKWAL TEHSIL,372171,281710,190411,181717,759.0,12.01,43,95.699349,1.44174,490.34387351778656,90461
PUNJAB,GUJRANWALA DIVISION,MANDI BAHAUDDIN DISTRICT,MANDI BAHAUDDIN TEHSIL,668538,478946,344546,323903,759.0,12.55,89,93.059604,1.11347,880.8142292490119,189592
PUNJAB,GUJRANWALA DIVISION,MANDI BAHAUDDIN DISTRICT,PHALIA TEHSIL,553330,399896,283099,270168,1155.0,12.489999999999998,63,95.179743,1.49391,479.0735930735931,153434
PUNJAB,GUJRANWALA DIVISION,NAROWAL DISTRICT,NAROWAL TEHSIL,596539,425879,298230,298248,1065.0,13.77,61,100.149955,1.58256,560.1305164319249,170660
PUNJAB,GUJRANWALA DIVISION,NAROWAL DISTRICT,SHAKARGARH TEHSIL,672030,520855,344536,327438,835.0,13.42,56,95.049503,1.2253,804.8263473053893,151175
PUNJAB,GUJRANWALA DIVISION,NAROWAL DISTRICT,ZAFARWAL TEHSIL,439006,318363,224706,214248,437.0,13.780000000000001,52,95.359535,1.54366,1004.5903890160183,120643
PUNJAB,GUJRANWALA DIVISION,SIALKOT DISTRICT,DASKA TEHSIL,847117,605435,429042,417975,690.0,13.66,100,97.379756,1.53268,1227.7057971014492,241682
PUNJAB,GUJRANWALA DIVISION,SIALKOT DISTRICT,PASRUR TEHSIL,840847,611871,428685,412062,975.0,13.72,100,95.789816,1.57239,862.4071794871795,228976
PUNJAB,GUJRANWALA DIVISION,SIALKOT DISTRICT,SAMBRIAL TEHSIL,410823,298431,212509,198261,450.0,13.120000000000001,53,92.779435,0.99344,912.94,112392
PUNJAB,GUJRANWALA DIVISION,SIALKOT DISTRICT,SIALKOT TEHSIL,1796151,1207744,902914,892991,901.0,12.98,246,95.4510482,1.98232,1993.5083240843508,588407
PUNJAB,LAHORE DIVISION,KASUR DISTRICT,CHUNIAN TEHSIL,826323,584567,400033,426240,1212.0,12.73,50,106.0910845,1.2553,681.7846534653465,241756
PUNJAB,LAHORE DIVISION,KASUR DISTRICT,KASUR TEHSIL,1333583,902792,642601,690890,1493.0,13.09,92,108.0310663,2.03213,893.2237106496985,430791
PUNJAB,LAHORE DIVISION,KASUR DISTRICT,KOT RADHA KISHAN TEHSIL,360523,232911,173628,186871,398.0,13.17,24,108.1810482,2.36211,905.8366834170854,127612
PUNJAB,LAHORE DIVISION,KASUR DISTRICT,PATTOKI TEHSIL,934452,634236,449782,484616,892.0,13.04,54,108.0510647,1.9824,1047.591928251121,300216
PUNJAB,LAHORE DIVISION,LAHORE DISTRICT,LAHORE CANTT TEHSIL,1632702,918730,775333,857133,466.0,6.17,236,0.011055,100.0427,3503.6523605150214,713972
PUNJAB,LAHORE DIVISION,LAHORE DISTRICT,LAHORE CITY TEHSIL,3653616,2219399,1746900,1905921,214.0,6.25,795,0.01091,100.0301,17072.971962616823,1434217
PUNJAB,LAHORE DIVISION,LAHORE DISTRICT,MODEL TOWN TEHSIL,2703569,1409228,1281762,1421291,353.0,6.11,516,0.011089,100.0466,7658.835694050991,1294341
PUNJAB,LAHORE DIVISION,LAHORE DISTRICT,RAIWIND TEHSIL,848541,357934,400031,448403,467.0,6.34,107,0.011209,100.01978,1817.0042826552462,490607
PUNJAB,LAHORE DIVISION,LAHORE DISTRICT,SHALIMAR TEHSIL,2281557,1434823,1099956,1181239,272.0,6.35,362,0.010739,100.0328,8388.077205882353,846734
PUNJAB,LAHORE DIVISION,NANKANA SAHIB DISTRICT,NANKANA SAHIB TEHSIL,884006,683963,431819,452096,1662.0,12.26,91,105.0310237,1.21252,531.8929001203369,200043
PUNJAB,LAHORE DIVISION,NANKANA SAHIB DISTRICT,SANGLA HILL TEHSIL,227604,188020,113212,114366,223.0,12.780000000000001,26,100.661020,0.99105,1020.6457399103139,39584
PUNJAB,LAHORE DIVISION,NANKANA SAHIB DISTRICT,SHAH KOT TEHSIL,243376,172882,119527,123812,331.0,12.379999999999999,37,103.0710479,1.27335,735.2749244712991,70494
PUNJAB,LAHORE DIVISION,SHEIKHUPURA DISTRICT,FEROZEWALA TEHSIL,794489,396069,381815,412579,511.0,13.25,95,108.310762,3.26468,1554.7729941291584,398420
PUNJAB,LAHORE DIVISION,SHEIKHUPURA DISTRICT,MURIDKE TEHSIL,639589,452369,311226,328326,1028.0,13.43,37,106.0510438,1.7121,622.1682879377432,187220
PUNJAB,LAHORE DIVISION,SHEIKHUPURA DISTRICT,SAFDARABAD TEHSIL,272807,227715,134563,138206,461.0,13.02,38,103.69916,1.01073,591.7722342733189,45092
PUNJAB,LAHORE DIVISION,SHEIKHUPURA DISTRICT,SHARAK PUR TEHSIL,197459,150747,96370,101077,375.0,12.92,12,105.6310216,1.2621,526.5573333333333,46712
PUNJAB,LAHORE DIVISION,SHEIKHUPURA DISTRICT,SHEIKHUPURA TEHSIL,1555660,1049264,749268,806195,1369.0,13.09,197,108.910559,1.8257,1136.3476990504018,506396
PUNJAB,MULTAN DIVISION,KHANEWAL DISTRICT,JAHANIAN TEHSIL,343425,249574,170487,172917,549.0,12.7,21,101.5810039,1.533,625.5464480874317,93851
PUNJAB,MULTAN DIVISION,KHANEWAL DISTRICT,KABIRWALA TEHSIL,958596,663878,469256,489255,1804.0,12.649999999999999,85,104.5810254,1.922,531.3725055432373,294718
PUNJAB,MULTAN DIVISION,KHANEWAL DISTRICT,KHANEWAL TEHSIL,856257,607012,420039,436109,784.0,12.0,109,103.6810414,1.3331,1092.1645408163265,249245
PUNJAB,MULTAN DIVISION,KHANEWAL DISTRICT,MIAN CHANNU TEHSIL,761955,548026,377490,384387,1212.0,12.54,78,101.910146,1.76168,628.6757425742575,213929
PUNJAB,MULTAN DIVISION,LODHRAN DISTRICT,DUNYAPUR TEHSIL,495217,350202,245944,249231,889.0,12.57,42,101.3210146,1.84181,557.0494938132733,145015
PUNJAB,MULTAN DIVISION,LODHRAN DISTRICT,KAHROR PACCA TEHSIL,500963,361532,245353,255569,778.0,12.2,41,104.1510423,1.7184,643.9113110539846,139431
PUNJAB,MULTAN DIVISION,LODHRAN DISTRICT,LODHRAN TEHSIL,703513,460066,346859,356594,1111.0,13.19,60,103.1210129,2.1313,633.2250225022502,243447
PUNJAB,MULTAN DIVISION,MULTAN DISTRICT,JALALPUR PIRWALA TEHSIL,554971,364716,273759,281167,978.0,12.19,45,102.8210187,2.03396,567.4550102249489,190255
PUNJAB,MULTAN DIVISION,MULTAN DISTRICT,MULTAN CITY TEHSIL,2259115,1381478,1097834,1161032,304.0,12.27,249,107.6610531,1.88281,7431.299342105263,877637
PUNJAB,MULTAN DIVISION,MULTAN DISTRICT,MULTAN SADDAR TEHSIL,1323076,950034,638807,684064,1632.0,11.78,205,105.613157,2.3287,810.7083333333334,373042
PUNJAB,MULTAN DIVISION,MULTAN DISTRICT,SHUJABAD TEHSIL,609004,420623,300008,308932,806.0,12.379999999999999,64,102.8310397,1.99177,755.5880893300248,188381
PUNJAB,MULTAN DIVISION,VEHARI DISTRICT,BUREWALA TEHSIL,1019659,730583,505690,513857,1295.0,12.48,112,101.8110094,1.63224,787.3814671814672,289076
PUNJAB,MULTAN DIVISION,VEHARI DISTRICT,MAILSI TEHSIL,953610,704878,474465,479049,1639.0,12.48,96,101.0110065,1.55195,581.8242830994509,248732
PUNJAB,MULTAN DIVISION,VEHARI DISTRICT,VEHARI TEHSIL,928812,654955,457834,470890,1430.0,12.52,88,102.8610282,1.77231,649.5188811188812,273857
PUNJAB,RAWALPINDI DIVISION,ATTOCK DISTRICT,ATTOCK TEHSIL,435203,261829,210776,224394,1002.0,12.3,33,101.1111238,2.32315,434.33433133732535,173374
PUNJAB,RAWALPINDI DIVISION,ATTOCK DISTRICT,FATEH JANG TEHSIL,326433,214256,163751,162656,1249.0,12.719999999999999,26,99.1510003,1.71506,261.35548438751,112177
PUNJAB,RAWALPINDI DIVISION,ATTOCK DISTRICT,HASAN ABDAL TEHSIL,217109,135856,107056,110047,350.0,13.27,6,102.810277,2.41271,620.3114285714286,81253
PUNJAB,RAWALPINDI DIVISION,ATTOCK DISTRICT,HAZRO TEHSIL,340189,238941,172142,168015,348.0,12.739999999999998,32,97.26994,1.96144,977.5545977011494,101248
PUNJAB,RAWALPINDI DIVISION,ATTOCK DISTRICT,JAND TEHSIL,295513,228349,154674,140819,2043.0,11.33,20,90.879195,0.84553,144.6465981399902,67164
PUNJAB,RAWALPINDI DIVISION,ATTOCK DISTRICT,PINDI GHEB TEHSIL,271931,195704,139198,132719,1865.0,11.73,14,95.1966,1.6622,145.80750670241287,76227
PUNJAB,RAWALPINDI DIVISION,CHAKWAL DISTRICT,CHAKWAL TEHSIL,656527,475500,341357,315097,2167.0,11.42,73,90.769832,1.44288,302.9658514074758,181027
PUNJAB,RAWALPINDI DIVISION,CHAKWAL DISTRICT,CHOA SAIDAN SHAH TEHSIL,141942,105256,72050,69884,473.0,11.44,8,95.9610264,1.39277,300.08879492600425,36686
PUNJAB,RAWALPINDI DIVISION,CHAKWAL DISTRICT,KALLAR KAHAR TEHSIL,169238,122548,85405,83823,953.0,10.690000000000001,10,95.2310721,0.15,177.58447009443861,46690
PUNJAB,RAWALPINDI DIVISION,CHAKWAL DISTRICT,LAWA TEHSIL,125770,95626,65460,60304,910.0,10.91,6,92.229142,0.75,138.2087912087912,30144
PUNJAB,RAWALPINDI DIVISION,CHAKWAL DISTRICT,TALA GANG TEHSIL,401986,284795,207894,194070,2022.0,11.22,22,92.639724,1.66282,198.80613254203757,117191
PUNJAB,RAWALPINDI DIVISION,JHELUM DISTRICT,DINA TEHSIL,238465,183373,119540,118898,678.0,11.95,27,93.4311457,1.24175,351.71828908554573,55092
PUNJAB,RAWALPINDI DIVISION,JHELUM DISTRICT,JHELUM TEHSIL,445232,333569,223729,221442,586.0,11.719999999999999,61,94.641051,1.66136,759.7815699658703,111663
PUNJAB,RAWALPINDI DIVISION,JHELUM DISTRICT,PIND DADAN KHAN TEHSIL,336841,263615,172404,164411,1176.0,11.620000000000001,26,93.9210171,1.2171,286.42942176870747,73226
PUNJAB,RAWALPINDI DIVISION,JHELUM DISTRICT,SOHAWA TEHSIL,201865,156400,105189,96655,1147.0,11.8,21,91.39953,1.06387,175.99389712292938,45465
PUNJAB,RAWALPINDI DIVISION,RAWALPINDI DISTRICT,GUJAR KHAN TEHSIL,678062,494010,350983,326998,1457.0,12.350000000000001,81,92.149851,1.49273,465.382292381606,184052
PUNJAB,RAWALPINDI DIVISION,RAWALPINDI DISTRICT,KAHUTA TEHSIL,220746,153719,112733,108003,637.0,11.629999999999999,10,94.151003,0.92622,346.54003139717423,67027
PUNJAB,RAWALPINDI DIVISION,RAWALPINDI DISTRICT,KALLAR SAYADDAN TEHSIL,217061,158120,113304,103736,459.0,12.15,21,91.459186,0.15,472.89978213507624,58941
PUNJAB,RAWALPINDI DIVISION,RAWALPINDI DISTRICT,KOTLI SATTIAN TEHSIL,119295,82711,58980,60300,304.0,9.719999999999999,15,102.2310227,0.83,392.41776315789474,36584
PUNJAB,RAWALPINDI DIVISION,RAWALPINDI DISTRICT,MURREE TEHSIL,233017,176599,113476,119517,434.0,11.25,24,99.1810843,3.681105,536.905529953917,56418
PUNJAB,RAWALPINDI DIVISION,RAWALPINDI DISTRICT,RAWALPINDI TEHSIL,3256641,1927612,1583769,1672017,1682.0,12.11,855,103.7910657,4.32211,1936.1718192627825,1329029
PUNJAB,RAWALPINDI DIVISION,RAWALPINDI DISTRICT,TAXILA TEHSIL,677558,371140,331844,345609,312.0,12.55,105,102.7810463,2.99329,2171.6602564102564,306418
PUNJAB,SAHIWAL DIVISION,OKARA DISTRICT,DEPALPUR TEHSIL,1375785,1030836,669560,706111,2502.0,12.16,114,105.8610427,1.21261,549.8741007194244,344949
PUNJAB,SAHIWAL DIVISION,OKARA DISTRICT,OKARA TEHSIL,1206319,862364,581263,624928,1241.0,12.71,128,105.0711182,1.34262,972.0539887187751,343955
PUNJAB,SAHIWAL DIVISION,OKARA DISTRICT,RENALA KHURD TEHSIL,458722,339792,225248,233431,634.0,11.76,43,104.0410068,1.45275,723.5362776025237,118930
PUNJAB,SAHIWAL DIVISION,PAKPATTAN DISTRICT,ARIF WALA TEHSIL,855029,603096,421340,433582,1241.0,11.86,107,102.9810243,1.822,688.9838839645447,251933
PUNJAB,SAHIWAL DIVISION,PAKPATTAN DISTRICT,PAKPATTAN TEHSIL,969199,683584,474559,494528,1483.0,11.899999999999999,112,104.4310322,1.7257,653.5394470667566,285615
PUNJAB,SAHIWAL DIVISION,SAHIWAL DISTRICT,CHICHAWATNI TEHSIL,1024180,787062,508596,515467,1591.0,12.46,117,101.3910092,1.3914,643.7335009428033,237118
PUNJAB,SAHIWAL DIVISION,SAHIWAL DISTRICT,SAHIWAL TEHSIL,1488831,1056132,727523,761179,1610.0,12.620000000000001,129,105.081035,1.35324,924.739751552795,432699
PUNJAB,SARGODHA DIVISION,BHAKKAR DISTRICT,BHAKKAR TEHSIL,683939,424488,334234,349665,2427.0,12.629999999999999,40,104.3510598,2.52262,281.80428512566954,259451
PUNJAB,SARGODHA DIVISION,BHAKKAR DISTRICT,DARYA KHAN TEHSIL,360427,233410,175223,185169,1719.0,11.59,35,105.6310585,2.39205,209.67248400232694,127017
PUNJAB,SARGODHA DIVISION,BHAKKAR DISTRICT,KALUR KOT TEHSIL,346591,223676,169570,176979,2239.0,12.719999999999999,42,104.5310346,2.39199,154.79723090665476,122915
PUNJAB,SARGODHA DIVISION,BHAKKAR DISTRICT,MANKERA TEHSIL,256895,169882,125642,131243,1768.0,11.68,10,104.5410313,2.19228,145.30260180995475,87013
PUNJAB,SARGODHA DIVISION,KHUSHAB DISTRICT,KHUSHAB TEHSIL,690157,480109,345277,344824,2115.0,12.2,56,99.0510096,1.65231,326.31536643026004,210048
PUNJAB,SARGODHA DIVISION,KHUSHAB DISTRICT,NOORPUR TEHSIL,242831,174683,120903,121900,2500.0,11.59,28,100.71022,1.77143,97.1324,68148
PUNJAB,SARGODHA DIVISION,KHUSHAB DISTRICT,NOWSHERA TEHSIL,117356,87922,61170,56179,816.0,11.149999999999999,7,91.859177,1.44228,143.8186274509804,29434
PUNJAB,SARGODHA DIVISION,KHUSHAB DISTRICT,QUAIDABAD TEHSIL,230028,162997,115441,114571,1080.0,12.530000000000001,16,99.0210151,1.71311,212.98888888888888,67031
PUNJAB,SARGODHA DIVISION,MIANWALI DISTRICT,ISAKHEL TEHSIL,374194,256497,190792,183377,1863.0,13.36,25,95.639779,1.6435,200.85560923242082,117697
PUNJAB,SARGODHA DIVISION,MIANWALI DISTRICT,MIANWALI TEHSIL,766357,532156,381507,384784,2689.0,12.3,66,99.7110584,1.94192,284.99702491632576,234201
PUNJAB,SARGODHA DIVISION,MIANWALI DISTRICT,PIPLAN TEHSIL,402050,267967,198203,203808,1288.0,12.870000000000001,39,103.0810203,2.41142,312.1506211180124,134083
PUNJAB,SARGODHA DIVISION,SARGODHA DISTRICT,BHALWAL TEHSIL,356206,254732,177148,179025,663.0,11.11,33,100.8410148,1.4824,537.26395173454,101474
PUNJAB,SARGODHA DIVISION,SARGODHA DISTRICT,BHERA TEHSIL,314369,226365,157746,156593,504.0,11.809999999999999,30,98.8410111,1.78156,623.7480158730159,88004
PUNJAB,SARGODHA DIVISION,SARGODHA DISTRICT,KOT MOMIN TEHSIL,451978,338790,221680,230247,948.0,12.67,51,103.9810319,1.44204,476.7700421940928,113188
PUNJAB,SARGODHA DIVISION,SARGODHA DISTRICT,SARGODHA TEHSIL,1535152,1081459,755423,779503,1536.0,12.46,226,103.4210288,1.81192,999.4479166666666,453693
PUNJAB,SARGODHA DIVISION,SARGODHA DISTRICT,SHAHPUR TEHSIL,353325,262747,175990,177319,769.0,11.91,16,99.8710453,1.57155,459.4603381014304,90578
PUNJAB,SARGODHA DIVISION,SARGODHA DISTRICT,SILLANWALI TEHSIL,344487,254281,170384,174071,607.0,12.88,32,102.1710214,1.5262,567.5238879736409,90206
SINDH,Badin Division,BADIN DISTRICT,BADIN TALUKA,454576,289259,220003,234513,1816.0,9.91,60,106.910586,2.02348,250.31718061674007,165317
SINDH,Badin Division,BADIN DISTRICT,GOLARCHI (S.F.RAHU) TALUKA,334440,182691,161490,172921,1642.0,10.5,29,107.0110744,2.88557,203.67844092570036,151749
SINDH,Badin Division,BADIN DISTRICT,MATLI TALUKA,444700,283273,215928,228721,1143.0,10.46,51,106.0510547,2.26291,389.0638670166229,161427
SINDH,Badin Division,BADIN DISTRICT,TALHAR TALUKA,172014,107902,83602,88396,569.0,9.65,16,106.2810436,1.98401,302.30931458699473,64112
SINDH,Badin Division,BADIN DISTRICT,TANDO BAGO TALUKA,399228,243147,192566,206626,1688.0,9.57,36,107.3410706,2.22613,236.50947867298578,156081
SINDH,Hyderabad Division,DADU DISTRICT,DADU TALUKA,461665,327972,223879,237753,846.0,10.82,33,106.6510551,1.29272,545.7033096926714,133693
SINDH,Hyderabad Division,DADU DISTRICT,JOHI TALUKA,294389,207383,143194,151144,3509.0,10.280000000000001,51,105.8910253,1.79254,83.89541179823311,87006
SINDH,Hyderabad Division,DADU DISTRICT,KHAIRPUR NATHAN SHAH TALUKA,334477,253309,162952,171465,2583.0,10.77,60,104.8610657,1.34197,129.4916763453349,81168
SINDH,Hyderabad Division,DADU DISTRICT,MEHAR TALUKA,459859,318053,224455,235338,928.0,11.190000000000001,66,104.9110462,1.6349,495.5377155172414,141806
SINDH,Hyderabad Division,HYDERABAD DISTRICT,HYDERABAD CITY TALUKA,725153,525299,347701,377362,43.0,5.03,90,0.010853,0.0179,16864.023255813954,199854
SINDH,Hyderabad Division,HYDERABAD DISTRICT,HYDERABAD TALUKA,466306,290432,224369,241889,711.0,10.239999999999998,48,107.3310976,1.84682,655.845288326301,175874
SINDH,Hyderabad Division,HYDERABAD DISTRICT,LATIFABAD TALUKA,703690,563761,338011,365533,204.0,4.91,146,0.010814,0.0134,3449.4607843137255,139929
SINDH,Hyderabad Division,HYDERABAD DISTRICT,QASIMABAD TALUKA,304779,115374,144326,160432,35.0,5.03,21,0.011116,0.0585,8707.971428571429,189405
SINDH,Hyderabad Division,JAMSHORO DISTRICT,KOTRI TALUKA,438063,207574,206443,231542,1051.0,11.24,78,115.9611031,0.02848,416.8058991436727,230489
SINDH,Hyderabad Division,JAMSHORO DISTRICT,MANJHAND TALUKA,140766,100105,67464,73297,2303.0,10.31,5,109.2110551,1.36548,61.12288319583153,40661
SINDH,Hyderabad Division,JAMSHORO DISTRICT,SEHWAN TALUKA,269817,170589,130214,139565,2160.0,10.04,38,106.810779,1.64403,124.91527777777777,99228
SINDH,Hyderabad Division,JAMSHORO DISTRICT,THANO BULA KHAN TALUKA,145262,103826,66581,78665,5690.0,11.26,16,119.4110775,1.9086,25.529349736379615,41436
SINDH,Hyderabad Division,MATIARI DISTRICT,HALA TALUKA,262639,161981,127127,135494,488.0,11.530000000000001,18,106.1410712,1.68391,538.1946721311475,100658
SINDH,Hyderabad Division,MATIARI DISTRICT,MATIARI TALUKA,341110,218065,165080,175985,568.0,10.27,45,106.4910739,2.4221,600.5457746478874,123045
SINDH,Hyderabad Division,MATIARI DISTRICT,SAEEDABAD TALUKA,166291,114198,80834,85443,361.0,10.82,14,105.6410614,1.96227,460.6398891966759,52093
SINDH,Hyderabad Division,SUJAWAL DISTRICT,JATI TALUKA,201868,123957,96989,104853,3489.0,10.23,26,108.2510588,2.61237,57.85841215247922,77911
SINDH,Hyderabad Division,SUJAWAL DISTRICT,MIRPUR BATHORO TALUKA,190520,135349,91353,99141,698.0,5.12,26,108.5300,1.81,272.9512893982808,55171
SINDH,Hyderabad Division,SUJAWAL DISTRICT,SHAH BUNDER TALUKA,162321,103740,77859,84435,3074.0,10.02,27,109.010466,2.6107,52.80448926480156,58581
SINDH,Hyderabad Division,SUJAWAL DISTRICT,SUJAWAL TALUKA,178810,117414,85903,92884,746.0,10.52,23,108.1210816,2.32148,239.69168900804289,61396
SINDH,Hyderabad Division,SUJAWAL DISTRICT,CHAMBER TALUKA,209325,138157,101707,107593,483.0,10.07,25,105.8410554,2.21221,433.3850931677019,71168
SINDH,Hyderabad Division,TANDO ALLAHYAR DISTRICT,JHANDO MARI TALUKA,259356,152600,125639,133682,626.0,9.93,35,106.4610606,2.41662,414.3067092651757,106756
SINDH,Hyderabad Division,TANDO ALLAHYAR DISTRICT,TANDO ALLAHYAR TALUKA,191239,130486,92115,99101,445.0,9.99,23,107.6110736,1.5,429.7505617977528,60753
SINDH,Hyderabad Division,TANDO ALLAHYAR DISTRICT,BULRI SHAH KARIM TALUKA,444545,249003,215244,229233,770.0,10.23,68,106.2310679,2.16432,577.3311688311688,195542
SINDH,Hyderabad Division,TANDO MUHAMMAD KHAN DISTRICT,TANDO GHULAM HYDER TALUKA,157276,119000,76552,80703,390.0,10.49,21,105.3710664,1.45216,403.2717948717949,38276
SINDH,Hyderabad Division,TANDO MUHAMMAD KHAN DISTRICT,TANDO MUHAMMAD KHAN TALUKA,187324,100794,90190,97105,263.0,10.68,29,107.251096,2.24,712.2585551330799,86530
SINDH,Hyderabad Division,TANDO MUHAMMAD KHAN DISTRICT,GHORABARI TALUKA,252712,170878,121621,131070,1018.0,10.23,21,108.641065,1.9236,248.24361493123772,81834
SINDH,Hyderabad Division,THATTA DISTRICT,KETI BUNDER TALUKA,78631,38897,37580,41048,771.0,10.39,3,110.2510682,1.88,101.98573281452659,39734
SINDH,Hyderabad Division,THATTA DISTRICT,MIRPUR SAKRO TALUKA,298831,177689,143431,155391,2958.0,10.02,9,108.3710643,2.77282,101.02467883705206,121142
SINDH,Hyderabad Division,THATTA DISTRICT,THATTA TALUKA,351956,239909,169044,182903,3823.0,10.88,9,108.2410791,1.82368,92.06277792309704,112047
SINDH,Hyderabad Division,THATTA DISTRICT,GULBERG TEHSIL,101876,37515,49606,52259,14.0,5.67,11,0.010535,0.0539,7276.857142857143,64361
SINDH,Karachi Division,KARACHI CENTRAL DISTRICT,LIAQUATABAD TEHSIL,496094,423517,238090,257941,6.0,5.12,63,0.010834,0.0083,82682.33333333333,72577
SINDH,Karachi Division,KARACHI CENTRAL DISTRICT,NAZIMABAD TEHSIL,449098,388078,215513,233469,8.0,5.28,116,0.010833,0.0077,56137.25,61020
SINDH,Karachi Division,KARACHI CENTRAL DISTRICT,NEW KARACHI TEHSIL,446347,366081,213259,233024,18.0,5.43,64,0.010927,0.0105,24797.055555555555,80266
SINDH,Karachi Division,KARACHI CENTRAL DISTRICT,NORTH NAZIMABAD TEHSIL,871245,580472,418282,452843,23.0,5.81,120,0.010826,0.0216,37880.217391304344,290773
SINDH,Karachi Division,KARACHI CENTRAL DISTRICT,FEROZABAD TEHSIL,708598,530923,343716,364751,20.0,5.53,131,0.010612,0.0153,35429.9,177675
SINDH,Karachi Division,KARACHI EAST DISTRICT,GULSHAN-E-IQBAL TEHSIL,761631,521369,360249,401237,29.0,5.33,145,0.011138,0.0201,26263.137931034482,240262
SINDH,Karachi Division,KARACHI EAST DISTRICT,GULZAR-E-HIJRI TEHSIL,841800,415380,408298,433347,79.0,5.33,155,0.010613,0.0378,10655.696202531646,426420
SINDH,Karachi Division,KARACHI EAST DISTRICT,JAMSHED QUARTERS TEHSIL,792451,130066,370756,421544,11.0,6.56,151,0.01137,0.0996,72041.0,662385
SINDH,Karachi Division,KARACHI EAST DISTRICT,ARAM BAGH TEHSIL,479433,380714,228699,250660,4.0,5.42,74,0.01096,0.0122,119858.25,98719
SINDH,Karachi Division,KARACHI SOUTH DISTRICT,CIVIL LINES TEHSIL,128313,137742,58990,69314,73.0,4.99,9,0.01175,0.0037,1757.7123287671234,-9429
SINDH,Karachi Division,KARACHI SOUTH DISTRICT,GARDEN TEHSIL,473119,281590,217438,255640,4.0,5.24,41,0.011757,0.0276,118279.75,191529
SINDH,Karachi Division,KARACHI SOUTH DISTRICT,LYARI TEHSIL,363967,325716,174945,188988,6.0,5.32,34,0.010803,0.0059,60661.166666666664,38251
SINDH,Karachi Division,KARACHI SOUTH DISTRICT,SADDAR TEHSIL,661926,594966,320658,341179,35.0,5.81,89,0.01064,0.0056,18912.17142857143,66960
SINDH,Karachi Division,KARACHI SOUTH DISTRICT,BALDIA TEHSIL,141905,128664,66318,75570,34.0,5.21,17,0.011395,0.0052,4173.676470588235,13241
SINDH,Karachi Division,KARACHI WEST DISTRICT,HARBOUR TEHSIL,832583,402463,397480,434973,50.0,6.4,130,0.010943,0.0389,16651.66,430120
SINDH,Karachi Division,KARACHI WEST DISTRICT,MANGHOPIR TEHSIL,562019,343532,263203,298765,342.0,12.79,51,110.7711463,1.49316,1643.330409356725,218487
SINDH,Karachi Division,KARACHI WEST DISTRICT,MAURIPUR TEHSIL,672286,38055,320710,351526,450.0,11.96,50,110.9710931,6.31,1493.9688888888888,634231
SINDH,Karachi Division,KARACHI WEST DISTRICT,MOMINABAD TEHSIL,70611,35879,32578,38030,19.0,6.39,3,0.011674,0.0362,3716.3684210526317,34732
SINDH,Karachi Division,KARACHI WEST DISTRICT,ORANGI TEHSIL,845797,660921,407422,438296,9.0,5.78,79,0.010758,0.015,93977.44444444444,184876
SINDH,Karachi Division,KARACHI WEST DISTRICT,SITE TEHSIL,520195,319177,248524,271646,25.0,6.29,25,0.01093,0.026,20807.8,201018
SINDH,Karachi Division,KARACHI WEST DISTRICT,KORANGI TEHSIL,403574,327639,180663,222883,59.0,6.23,28,0.012337,0.011,6840.237288135593,75935
SINDH,Karachi Division,KORANGI DISTRICT,LANDHI TEHSIL,1126141,529837,531253,594709,19.0,6.05,179,0.011194,0.0404,59270.57894736842,596304
SINDH,Karachi Division,KORANGI DISTRICT,MODEL COLONY TEHSIL,546196,428937,262645,283476,9.0,5.86,75,0.010793,0.0128,60688.444444444445,117259
SINDH,Karachi Division,KORANGI DISTRICT,SHAH FAISAL TEHSIL,384389,262199,186906,197401,21.0,5.4,82,0.010562,0.0203,18304.238095238095,122190
SINDH,Karachi Division,KORANGI DISTRICT,AIRPORT TEHSIL,520830,387636,249095,271575,41.0,5.52,160,0.010902,0.0156,12703.170731707318,133194
SINDH,Karachi Division,MALIR DISTRICT,BIN QASIM TEHSIL,443241,181973,205932,237252,447.0,11.76,57,114.4611617,4.47523,991.5906040268457,261268
SINDH,Karachi Division,MALIR DISTRICT,GADAP TEHSIL,64153,35883,29396,34756,1104.0,4.58,1,118.2300,3.1,58.10960144927536,28270
SINDH,Karachi Division,MALIR DISTRICT,IBRAHIM HYDRI TEHSIL,385776,105192,182077,203681,97.0,6.18,18,111.8700,7.07,3977.0721649484535,280584
SINDH,Karachi Division,MALIR DISTRICT,MURAD MEMON TEHSIL,799765,439250,367299,432404,195.0,11.45,62,113.8411849,3.48315,4101.358974358975,360515
SINDH,Karachi Division,MALIR DISTRICT,SHAH MUREED TEHSIL,231411,152467,110625,120772,276.0,9.690000000000001,14,110.9710891,2.87213,838.445652173913,78944
SINDH,Larkana Division,JACOBABAD DISTRICT,GARHI KHAIRO TALUKA,159019,117207,78429,80575,733.0,10.84,15,102.9510033,1.73046,216.94270122783084,41812
SINDH,Larkana Division,JACOBABAD DISTRICT,JACOBABAD TALUKA,382578,267998,186818,195672,664.0,11.67,88,105.0310445,2.09169,576.1716867469879,114580
SINDH,Larkana Division,JACOBABAD DISTRICT,THUL TALUKA,465412,341985,226814,238539,1301.0,10.96,59,105.2510485,0.91632,357.7340507302075,123427
SINDH,Larkana Division,KAMBAR SHAHDAD KOT DISTRICT,KAMBAR ALI KHAN TALUKA,393374,268934,192634,200678,2260.0,12.29,62,103.9310489,1.74292,174.05929203539824,124440
SINDH,Larkana Division,KAMBAR SHAHDAD KOT DISTRICT,MIRO KHAN TALUKA,157934,98782,77334,80579,374.0,11.9,21,103.9310493,1.33854,422.2834224598931,59152
SINDH,Larkana Division,KAMBAR SHAHDAD KOT DISTRICT,NASIRABAD TALUKA,151410,113779,74456,76934,309.0,11.96,20,103.3610323,1.21254,490.0,37631
SINDH,Larkana Division,KAMBAR SHAHDAD KOT DISTRICT,QUBO SAEED KHAN TALUKA,85767,63706,42146,43613,1033.0,11.84,8,103.6110321,0.48,83.027105517909,22061
SINDH,Larkana Division,KAMBAR SHAHDAD KOT DISTRICT,SHAHDAD KOT TALUKA,202564,126619,100003,102533,419.0,12.21,28,101.721031,1.24362,483.44630071599045,75945
SINDH,Larkana Division,KAMBAR SHAHDAD KOT DISTRICT,SUJAWAL JUNEJO TALUKA,117467,83026,57723,59729,385.0,6.28,15,103.4800,1.84,305.1090909090909,34441
SINDH,Larkana Division,KAMBAR SHAHDAD KOT DISTRICT,WARAH TALUKA,229519,169448,112994,116501,695.0,11.29,24,103.2310281,0.22807,330.2431654676259,60071
SINDH,Larkana Division,KASHMORE DISTRICT,KANDHKOT TALUKA,366111,217447,175998,190070,654.0,11.04,43,108.4410725,3.26204,559.802752293578,148664
SINDH,Larkana Division,KASHMORE DISTRICT,KASHMORE TALUKA,434966,268899,210254,224662,1262.0,12.15,50,106.6210773,2.65221,344.6640253565769,166067
SINDH,Larkana Division,KASHMORE DISTRICT,TANGWANI TALUKA,289259,190774,139306,149931,664.0,11.51,22,107.8610537,2.14293,435.63102409638554,98485
SINDH,Larkana Division,LARKANA DISTRICT,BAKRANI TALUKA,229200,171813,112460,116711,425.0,11.44,29,104.0410219,0.9944,539.2941176470588,57387
SINDH,Larkana Division,LARKANA DISTRICT,DOKRI TALUKA,224959,169033,110275,114666,412.0,11.600000000000001,18,104.5310255,1.46164,546.0169902912621,55926
SINDH,Larkana Division,LARKANA DISTRICT,LARKANA TALUKA,735210,434553,359391,375609,549.0,11.63,210,104.010477,2.17315,1339.1803278688524,300657
SINDH,Larkana Division,LARKANA DISTRICT,RATODERO TALUKA,332417,226209,163404,168948,562.0,11.809999999999999,65,103.5410313,1.66284,591.4893238434164,106208
SINDH,Larkana Division,SHIKARPUR DISTRICT,GARHI YASIN TALUKA,316573,227966,154198,162353,971.0,11.89,22,105.2810534,1.72192,326.0278063851699,88607
SINDH,Larkana Division,SHIKARPUR DISTRICT,KHANPUR TALUKA,276140,191681,131540,144583,629.0,12.129999999999999,17,110.3710548,1.98155,439.0143084260731,84459
SINDH,Larkana Division,SHIKARPUR DISTRICT,LAKHI TALUKA,248756,188298,121567,127183,351.0,11.45,6,104.4210548,1.39185,708.7065527065527,60458
SINDH,Larkana Division,SHIKARPUR DISTRICT,SHIKARPUR TALUKA,392291,272493,190825,201439,561.0,11.64,27,106.010513,1.88199,699.270944741533,119798
SINDH,Mirpurkhas Division,MIRPUR KHAS DISTRICT,DIGRI TALUKA,214017,147272,103679,110314,572.0,10.82,24,106.551061,1.45318,374.1555944055944,66745
SINDH,Mirpurkhas Division,MIRPUR KHAS DISTRICT,HUSSAIN BUX MARI TALUKA,150226,83219,72506,77693,209.0,5.21,27,107.1500,3.15,718.7846889952153,67007
SINDH,Mirpurkhas Division,MIRPUR KHAS DISTRICT,JHUDO TALUKA,201850,146013,97330,104502,363.0,10.469999999999999,18,107.2610763,1.68181,556.060606060606,55837
SINDH,Mirpurkhas Division,MIRPUR KHAS DISTRICT,KOT GHULAM MUHAMMAD TALUKA,273132,179008,132327,140746,762.0,10.370000000000001,59,106.421059,2.19269,358.4409448818898,94124
SINDH,Mirpurkhas Division,MIRPUR KHAS DISTRICT,MIRPUR KHAS TALUKA,260288,201406,126692,133555,24.0,11.39,41,105.7710538,4.3111,10845.333333333334,58882
SINDH,Mirpurkhas Division,MIRPUR KHAS DISTRICT,SHUJAABAD TALUKA,168733,98783,81601,87105,396.0,10.08,27,106.7810649,2.72389,426.09343434343435,69950
SINDH,Mirpurkhas Division,MIRPUR KHAS DISTRICT,SINDHRI TALUKA,236194,150628,113936,122231,599.0,10.0,27,107.2410775,2.0,394.31385642737894,85566
SINDH,Mirpurkhas Division,THARPARKAR DISTRICT,CHACHRO TALUKA,350807,167235,157551,193239,3386.0,11.71,17,122.6612259,3.59,103.60513880685174,183572
SINDH,Mirpurkhas Division,THARPARKAR DISTRICT,DAHLI TALUKA,305529,165289,135975,169541,2126.0,14.620000000000001,13,124.513228,3.15,143.7107243650047,140240
SINDH,Mirpurkhas Division,THARPARKAR DISTRICT,DIPLO TALUKA,148871,92047,71116,77730,2872.0,9.09,25,109.3210914,2.66161,51.835306406685234,56824
SINDH,Mirpurkhas Division,THARPARKAR DISTRICT,ISLAMKOT TALUKA,244439,137826,116273,128138,3515.0,9.49,28,110.4510727,3.06306,69.5416785206259,106613
SINDH,Mirpurkhas Division,THARPARKAR DISTRICT,KALOI TALUKA,117609,73651,56975,60614,922.0,4.69,20,106.3900,2.49,127.558568329718,43958
SINDH,Mirpurkhas Division,THARPARKAR DISTRICT,MITHI TALUKA,219901,125137,104787,115084,2954.0,9.59,30,109.8610974,2.27586,74.44177386594448,94764
SINDH,Mirpurkhas Division,THARPARKAR DISTRICT,NAGAR PARKAR TALUKA,259880,153106,123185,136672,3862.0,9.92,23,110.9711051,2.57,67.29155877783532,106774
SINDH,Mirpurkhas Division,UMER KOT DISTRICT,KUNRI TALUKA,218460,158215,106166,112266,585.0,10.14,28,106.2110365,1.69181,373.43589743589746,60245
SINDH,Mirpurkhas Division,UMER KOT DISTRICT,PITHORO TALUKA,120005,81182,58088,61909,855.0,9.99,8,106.8310449,2.16139,140.35672514619884,38823
SINDH,Mirpurkhas Division,UMER KOT DISTRICT,SAMARO TALUKA,170216,112647,82650,87520,959.0,9.84,46,105.821071,2.2612,177.4932221063608,57569
SINDH,Mirpurkhas Division,UMER KOT DISTRICT,UMER KOT TALUKA,564788,312753,269937,294775,3209.0,9.99,76,108.0111175,2.34546,176.00124649423498,252035
SINDH,Shaheed Benazirabad Division,NAUSHAHRO FEROZE DISTRICT,BHIRIA TALUKA,301544,204120,146134,155387,488.0,11.64,23,106.3610624,1.95256,617.9180327868852,97424
SINDH,Shaheed Benazirabad Division,NAUSHAHRO FEROZE DISTRICT,KANDIARO TALUKA,322376,222529,157135,165207,771.0,12.84,34,105.3610356,1.83305,418.1271076523995,99847
SINDH,Shaheed Benazirabad Division,NAUSHAHRO FEROZE DISTRICT,MEHRABPUR TALUKA,246649,155345,119616,127008,361.0,11.74,25,106.5510537,1.63495,683.2382271468144,91304
SINDH,Shaheed Benazirabad Division,NAUSHAHRO FEROZE DISTRICT,MORO TALUKA,368579,265251,177185,191335,609.0,11.05,59,108.3210705,1.54238,605.2200328407225,103328
SINDH,Shaheed Benazirabad Division,NAUSHAHRO FEROZE DISTRICT,NAUSHAHRO FEROZE TALUKA,372899,240326,180376,192455,717.0,11.69,68,107.2810523,1.5352,520.0822873082287,132573
SINDH,Shaheed Benazirabad Division,SANGHAR DISTRICT,JAM NAWAZ ALI TALUKA,153193,90091,74000,79179,440.0,10.879999999999999,14,106.8710762,2.6404,348.1659090909091,63102
SINDH,Shaheed Benazirabad Division,SANGHAR DISTRICT,KHIPRO TALUKA,332833,225089,159417,173383,5933.0,10.74,33,109.110688,1.83369,56.098601045002525,107744
SINDH,Shaheed Benazirabad Division,SANGHAR DISTRICT,SANGHAR TALUKA,432792,264882,208586,224172,2118.0,10.83,34,107.9710568,2.71227,204.3399433427762,167910
SINDH,Shaheed Benazirabad Division,SANGHAR DISTRICT,SHAHDADPUR TALUKA,457028,309727,221958,235007,890.0,11.059999999999999,63,106.0710561,1.024,513.5146067415731,147301
SINDH,Shaheed Benazirabad Division,SANGHAR DISTRICT,SINJHORO TALUKA,317004,199474,153769,163186,907.0,11.120000000000001,49,106.1310611,2.48237,349.50826901874314,117530
SINDH,Shaheed Benazirabad Division,SANGHAR DISTRICT,TANDO ADAM TALUKA,357023,230618,172848,184124,440.0,11.39,51,106.8610608,2.6197,811.415909090909,126405
SINDH,Shaheed Benazirabad Division,SHAHEED BENAZIRABAD DISTRICT,DAUR TALUKA,477993,304625,230853,247101,2210.0,11.07,39,107.1510659,1.75651,216.2864253393665,173368
SINDH,Shaheed Benazirabad Division,SHAHEED BENAZIRABAD DISTRICT,KAZI AHMED TALUKA,348944,246797,167843,181060,972.0,10.62,41,108.1210644,1.8816,358.99588477366257,102147
SINDH,Shaheed Benazirabad Division,SHAHEED BENAZIRABAD DISTRICT,NAWABSHAH TALUKA,413402,281302,200022,213314,435.0,10.99,66,107.371063,1.99207,950.3494252873563,132100
SINDH,Shaheed Benazirabad Division,SHAHEED BENAZIRABAD DISTRICT,SAKRAND TALUKA,373167,269860,181371,191760,885.0,10.25,36,105.4710693,1.25478,421.6576271186441,103307
SINDH,Sukkur Division,GHOTKI DISTRICT,DAHARKI TALUKA,310709,178154,149604,161079,2088.0,11.57,26,107.4510824,2.38492,148.80699233716476,132555
SINDH,Sukkur Division,GHOTKI DISTRICT,GHOTKI TALUKA,507087,298634,246236,260772,763.0,10.99,79,105.6510668,2.52389,664.5963302752293,208453
SINDH,Sukkur Division,GHOTKI DISTRICT,KHANGARH TALUKA,149667,86173,72662,76994,1986.0,10.690000000000001,11,106.2710478,1.72,75.36102719033232,63494
SINDH,Sukkur Division,GHOTKI DISTRICT,MIRPUR MATHELO TALUKA,327821,198420,159320,168477,593.0,10.559999999999999,24,105.1910764,2.56306,552.8178752107926,129401
SINDH,Sukkur Division,GHOTKI DISTRICT,UBAURO TALUKA,353424,207416,170449,182950,653.0,11.89,25,107.4310667,2.7395,541.2312404287902,146008
SINDH,Sukkur Division,KHAIRPUR DISTRICT,FAIZ GANJ TALUKA,224088,146436,109086,114999,946.0,10.26,3,105.7710397,1.72541,236.87949260042282,77652
SINDH,Sukkur Division,KHAIRPUR DISTRICT,GAMBAT TALUKA,263218,173252,127577,135633,582.0,12.21,8,106.6210577,1.3446,452.26460481099656,89966
SINDH,Sukkur Division,KHAIRPUR DISTRICT,KHAIRPUR TALUKA,440412,275255,212736,227622,585.0,11.27,54,106.5310742,1.7433,752.8410256410257,165157
SINDH,Sukkur Division,KHAIRPUR DISTRICT,KINGRI TALUKA,340297,228630,165729,174559,531.0,11.969999999999999,9,105.221056,1.5141,640.8606403013183,111667
SINDH,Sukkur Division,KHAIRPUR DISTRICT,KOT DIJI TALUKA,348582,227968,168588,179985,520.0,11.809999999999999,9,106.911063,1.94337,670.35,120614
SINDH,Sukkur Division,KHAIRPUR DISTRICT,MIRWAH TALUKA,352764,226373,171417,181338,631.0,11.86,9,105.8510562,1.83416,559.0554675118859,126391
SINDH,Sukkur Division,KHAIRPUR DISTRICT,NARA TALUKA,160643,92387,76112,84529,11611.0,11.14,2,111.4510983,1.47,13.83541469296357,68256
SINDH,Sukkur Division,KHAIRPUR DISTRICT,SOBHO DERO TALUKA,275186,177450,133581,141589,504.0,12.379999999999999,16,105.4510704,1.87336,546.0039682539683,97736
SINDH,Sukkur Division,SUKKUR DISTRICT,NEW SUKKUR TALUKA,320223,159475,154673,165509,109.0,11.559999999999999,41,106.8510703,2.1404,2937.8256880733943,160748
SINDH,Sukkur Division,SUKKUR DISTRICT,PANO AQIL TALUKA,436372,268201,204973,231357,1042.0,11.49,42,107.613273,2.61253,418.7831094049904,168171
SINDH,Sukkur Division,SUKKUR DISTRICT,ROHRI TALUKA,370582,223990,177950,192598,807.0,11.08,34,108.8210631,2.86212,459.2094175960347,146592
SINDH,Sukkur Division,SUKKUR DISTRICT,SALEHPAT TALUKA,129736,64646,61775,67952,2957.0,10.780000000000001,9,110.2310911,2.47,43.874196821102466,65090
SINDH,Sukkur Division,SUKKUR DISTRICT,SUKKUR CITY TALUKA,231459,215075,112511,118916,250.0,5.46,32,0.010569,0.0046,925.836,16384
BALOCHISTAN,Makran Division,AWARAN DISTRICT,AWARAN TEHSIL,30345,27156,15024,15320,13075.0,13.53,1,101.9810197,5.87,2.3208413001912045,3189
BALOCHISTAN,Makran Division,AWARAN DISTRICT,GISHKORE SUB-TEHSIL,18390,22430,8704,9683,4578.0,5.07,3,111.2500,1.04,4.017038007863696,-4040
BALOCHISTAN,Makran Division,AWARAN DISTRICT,JHAL JAO SUB-TEHSIL,40010,34214,19056,20949,9439.0,6.81,5,109.9300,0.83,4.23879648267825,5796
BALOCHISTAN,Makran Division,AWARAN DISTRICT,MASHKAI TEHSIL,33076,34373,15965,17111,2418.0,14.66,0,103.411374,2.65,13.679073614557485,-1297
BALOCHISTAN,Kalat Division,KALAT DISTRICT,GAZG SUB-TEHSIL,5721,3979,2609,3112,1390.0,6.02,0,119.2800,1.93,4.115827338129496,1742
BALOCHISTAN,Kalat Division,KALAT DISTRICT,JOHAN SUB-TEHSIL,10708,12299,5083,5625,1328.0,6.8,0,110.6600,0.73,8.063253012048193,-1591
BALOCHISTAN,Kalat Division,KALAT DISTRICT,KALAT TEHSIL,129094,86565,62629,66465,3788.0,13.25,0,107.510277,1.95258,34.07972544878564,42529
BALOCHISTAN,Kalat Division,KALAT DISTRICT,MANGOCHAR TEHSIL,65678,41590,31500,34177,1148.0,7.7,1,108.500,2.43,57.210801393728225,24088
BALOCHISTAN,Kalat Division,KALAT DISTRICT,SURAB TEHSIL,200857,93401,98430,102427,762.0,16.24,0,105.379818,3.73629,263.59186351706035,107456
BALOCHISTAN,Makran Division,KHARAN DISTRICT,KHARAN TEHSIL,80703,43772,38511,42192,5072.0,14.22,0,106.511134,3.24328,15.91147476340694,36931
BALOCHISTAN,Makran Division,KHARAN DISTRICT,SAR KHARAN TEHSIL,49393,29768,23955,25438,3539.0,5.86,0,106.1900,2.7,13.95676744843176,19625
BALOCHISTAN,Makran Division,KHARAN DISTRICT,SUB TEHSIL TOHMULK,32670,23360,15669,17001,6347.0,6.22,0,108.500,1.78,5.147313691507799,9310
BALOCHISTAN,Kalat Division,KHUZDAR DISTRICT,ARANJI SUB-TEHSIL,42318,28561,19658,22656,7456.0,6.0,4,115.2500,2.09,5.675697424892704,13757
BALOCHISTAN,Kalat Division,KHUZDAR DISTRICT,KARAKH SUB-TEHSIL,31016,21984,14933,16082,1352.0,5.78,1,107.6900,1.82,22.940828402366865,9032
BALOCHISTAN,Kalat Division,KHUZDAR DISTRICT,KHUZDAR TEHSIL,299464,161845,143762,155682,6112.0,13.280000000000001,20,106.8410923,2.68372,48.996073298429316,137619
BALOCHISTAN,Kalat Division,KHUZDAR DISTRICT,MOOLA SUB-TEHSIL,23386,13143,11350,12027,3283.0,6.1,9,105.9600,3.07,7.1233627779469995,10243
BALOCHISTAN,Kalat Division,KHUZDAR DISTRICT,NAL SUB-TEHSIL,130897,59314,62148,68737,4413.0,13.52,12,110.8710981,2.65,29.66168139587582,71583
BALOCHISTAN,Kalat Division,KHUZDAR DISTRICT,ORNACH SUB-TEHSIl,37588,20907,17395,20191,3368.0,5.7,2,116.0700,3.13,11.160332541567696,16681
BALOCHISTAN,Kalat Division,KHUZDAR DISTRICT,SAROONA SUB-TEHSIL,32125,20580,14696,17427,3257.0,5.23,2,118.5800,2.37,9.86337120049125,11545
BALOCHISTAN,Kalat Division,KHUZDAR DISTRICT,WADH TEHSIL,100115,52333,47817,52281,2118.0,12.34,17,108.0311406,3.77253,47.26864966949953,47782
BALOCHISTAN,Kalat Division,KHUZDAR DISTRICT,ZEHRI TEHSIL,101987,38799,47709,54268,4021.0,18.1,10,111.711173,4.9956,25.363591146480974,63188
BALOCHISTAN,Makran Division,LASBELA DISTRICT,BELA TEHSIL,104727,68341,50027,54696,1527.0,11.46,4,108.4711218,2.33205,68.58349705304519,36386
BALOCHISTAN,Makran Division,LASBELA DISTRICT,DUREJI TEHSIL,45541,31504,21689,23851,2813.0,10.29,1,109.8811019,0.19,16.189477426235335,14037
BALOCHISTAN,Makran Division,LASBELA DISTRICT,GADDANI TEHSIL,24593,18957,11802,12791,419.0,11.74,0,111.1110261,4.0919,58.6945107398568,5636
BALOCHISTAN,Makran Division,LASBELA DISTRICT,HUB TEHSIL,205487,80934,97782,107703,868.0,13.85,2,108.211045,2.23562,236.73617511520737,124553
BALOCHISTAN,Makran Division,LASBELA DISTRICT,LAKHRA TEHSIL,35495,25474,17400,18094,1954.0,6.06,1,103.9900,1.76,18.16530194472876,10021
BALOCHISTAN,Makran Division,LASBELA DISTRICT,LIARI TEHSIL,11730,7846,5740,5990,2010.0,4.74,0,104.3600,2.14,5.835820895522388,3884
BALOCHISTAN,Makran Division,LASBELA DISTRICT,SONMIANI/WINDER TEHSIL,64019,31799,30797,33220,2616.0,12.370000000000001,2,107.3910843,2.84504,24.472094801223243,32220
BALOCHISTAN,Makran Division,LASBELA DISTRICT,UTHAL TEHSIL,72290,39724,34301,37988,1756.0,12.27,1,107.3811586,2.58425,41.16742596810934,32566
BALOCHISTAN,Kalat Division,MASTUNG DISTRICT,DASHT TEHSIL,64765,24570,30722,34040,1047.0,6.34,3,110.800,5.22,61.85768863419293,40195
BALOCHISTAN,Kalat Division,MASTUNG DISTRICT,KHAD KOCHA SUB-TEHSIL,38860,19262,18595,20265,640.0,6.54,0,108.9800,3.76,60.71875,19598
BALOCHISTAN,Kalat Division,MASTUNG DISTRICT,KIRDGAP SUB-TEHSIL,28624,24214,13942,14682,929.0,6.4,0,105.3100,0.88,30.81162540365985,4410
BALOCHISTAN,Kalat Division,MASTUNG DISTRICT,MASTUNG TEHSIL,133427,81993,64910,68517,692.0,14.440000000000001,0,106.081041,2.83197,192.8135838150289,51434
BALOCHISTAN,Makran Division,WASHUK DISTRICT,BESIMA SUB-TEHSIL,40266,16740,18753,21513,6014.0,6.66,0,114.7200,4.72,6.695377452610575,23526
BALOCHISTAN,Makran Division,WASHUK DISTRICT,MASHKHEL SUB-TEHSIL,38634,29844,18414,20219,11663.0,4.97,1,109.800,1.37,3.3125267941353,8790
BALOCHISTAN,Makran Division,WASHUK DISTRICT,NAG SUB-TEHSIL,34477,19956,16734,17743,4338.0,5.43,0,106.0300,2.91,7.94767173812817,14521
BALOCHISTAN,Makran Division,WASHUK DISTRICT,SHAHGORI SUB-TEHSIL,27548,19641,13216,14332,3584.0,5.19,0,108.4400,1.79,7.686383928571429,7907
BALOCHISTAN,Makran Division,WASHUK DISTRICT,WASHUK SUB-TEHSIL,34787,23828,16753,18034,7494.0,12.26,0,104.7710939,3.15,4.641980250867361,10959
BALOCHISTAN,Makran Division,GWADAR DISTRICT,GWADAR TEHSIL,137695,72614,62963,74724,2590.0,12.79,8,109.512385,2.89372,53.164092664092664,65081
BALOCHISTAN,Makran Division,GWADAR DISTRICT,JIWANI TEHSIL,26691,19788,12836,13851,454.0,11.85,4,106.2910866,2.06138,58.790748898678416,6903
BALOCHISTAN,Makran Division,GWADAR DISTRICT,ORMARA TEHSIL,25634,18848,11483,14151,2796.0,10.64,0,111.2312901,0.3823,9.168097281831187,6786
BALOCHISTAN,Makran Division,GWADAR DISTRICT,PASNI TEHSIL,61347,56902,28783,32559,4822.0,14.17,5,112.0411396,0.11083,12.722314392368311,4445
BALOCHISTAN,Makran Division,GWADAR DISTRICT,SUNTSER SUB-TEHSIL,10886,17346,5055,5831,1975.0,5.31,0,115.3500,2.42,5.511898734177215,-6460
BALOCHISTAN,Makran Division,KECH DISTRICT,BALNIGORE SUB-TEHSIL,44595,19560,21373,23222,1238.0,6.19,0,108.6500,4.42,36.021809369951534,25035
BALOCHISTAN,Makran Division,KECH DISTRICT,BULAIDA SUB-TEHSIL,77148,35251,35265,41872,1997.0,14.309999999999999,11,123.711429,0.3,38.631947921882826,41897
BALOCHISTAN,Makran Division,KECH DISTRICT,DASHT SUB-TEHSIL,76470,39061,35459,41008,2486.0,6.86,3,115.6500,3.59,30.76025744167337,37409
BALOCHISTAN,Makran Division,KECH DISTRICT,HOSHAB SUB-TEHSIL,52947,37819,22549,30389,2213.0,6.55,9,134.7700,1.78,23.925440578400362,15128
BALOCHISTAN,Makran Division,KECH DISTRICT,KECH (TURBAT) TEHSIL,416608,157142,187771,228779,9742.0,12.26,58,118.7512485,4.45615,42.764114144939434,259466
BALOCHISTAN,Makran Division,KECH DISTRICT,MAND SUB-TEHSIL,50995,35281,23835,27158,1456.0,6.0,2,113.9400,1.95,35.02403846153846,15714
BALOCHISTAN,Makran Division,KECH DISTRICT,TUMP SUB-TEHSIL,146008,51234,66580,79412,1945.0,15.6,16,122.811248,3.45,75.06838046272493,94774
BALOCHISTAN,Makran Division,KECH DISTRICT,ZAMORAN SUB-TEHSIL,42411,37856,21370,21038,1462.0,7.7,3,98.4500,0.6,29.008891928864568,4555
BALOCHISTAN,Makran Division,PANJGUR DISTRICT,GICHK SUB-TEHSIL,16646,22568,7676,8967,8387.0,8.37,3,116.8200,1.59,1.984738285441755,-5922
BALOCHISTAN,Makran Division,PANJGUR DISTRICT,GOWARGO TEHSIL,16329,24377,7905,8424,1471.0,5.7,0,106.5700,2.08,11.100611828687967,-8048
BALOCHISTAN,Makran Division,PANJGUR DISTRICT,PANJGUR TEHSIL,259163,168268,122820,136327,3655.0,14.61,16,109.5911419,1.03723,70.90642954856361,90895
BALOCHISTAN,Makran Division,PANJGUR DISTRICT,PAROME TEHSIL,23215,18838,10551,12661,3378.0,8.49,3,120.000,1.1,6.872409709887507,4377
BALOCHISTAN,Naseerabad Division,JAFFARABAD DISTRICT,GANDHAKA TEHSIL,74881,52767,36650,38209,554.0,5.93,22,104.2500,1.86,135.16425992779784,22114
BALOCHISTAN,Naseerabad Division,JAFFARABAD DISTRICT,JHAT PAT TEHSIL,253107,131060,123077,130000,690.0,13.120000000000001,30,105.5310583,3.314,366.82173913043476,122047
BALOCHISTAN,Naseerabad Division,JAFFARABAD DISTRICT,USTA MUHAMMAD TEHSIL,185984,107463,91320,94663,399.0,13.34,1,104.410262,2.48363,466.125313283208,78521
BALOCHISTAN,Naseerabad Division,JHAL MAGSI DISTRICT,GANDAWA TEHSIL,51180,34791,24897,26282,1344.0,12.309999999999999,1,106.110265,2.58019,38.080357142857146,16389
BALOCHISTAN,Naseerabad Division,JHAL MAGSI DISTRICT,JHAL MAGSI TEHSIL,88279,63588,42675,45604,1679.0,5.86,0,106.8600,1.74,52.578320428826686,24691
BALOCHISTAN,Naseerabad Division,JHAL MAGSI DISTRICT,MIRPUR SUB-TEHSIL,9441,11562,4601,4840,592.0,6.21,0,105.1900,1.06,15.947635135135135,-2121
BALOCHISTAN,Naseerabad Division,KACHHI DISTRICT,BALANARI SUB-TEHSIL,43341,39597,20746,22595,402.0,6.13,0,108.900,0.48,107.81343283582089,3744
BALOCHISTAN,Naseerabad Division,KACHHI DISTRICT,BHAG TEHSIL,73459,56023,35183,38269,1308.0,13.100000000000001,7,109.71057,1.38164,56.16131498470948,17436
BALOCHISTAN,Naseerabad Division,KACHHI DISTRICT,DHADAR TEHSIL,42389,45481,20306,22083,976.0,15.12,0,108.81087,0.97091,43.431352459016395,-3092
BALOCHISTAN,Naseerabad Division,KACHHI DISTRICT,KHATTAN SUB-TEHSIL,14213,7202,6802,7411,277.0,8.05,0,109.000,3.64,51.31046931407942,7011
BALOCHISTAN,Naseerabad Division,KACHHI DISTRICT,MACH SUB-TEHSIL,39629,30107,18547,21082,708.0,14.67,0,109.71181,1.44147,55.97316384180791,9522
BALOCHISTAN,Naseerabad Division,KACHHI DISTRICT,SANNI SUB-TEHSIL,96901,77070,44049,52851,2011.0,9.4,1,120.000,1.21,48.18547986076579,19831
BALOCHISTAN,Naseerabad Division,NASIRABAD DISTRICT,BABA KOT TEHSIL,49480,19531,23636,25844,967.0,6.69,0,109.3400,5.0,51.168562564632886,29949
BALOCHISTAN,Naseerabad Division,NASIRABAD DISTRICT,CHATTAR SUB-TEHSIL,76536,50446,36725,39811,961.0,7.91,0,108.400,2.21,79.6420395421436,26090
BALOCHISTAN,Naseerabad Division,NASIRABAD DISTRICT,DERA MURAD JAMALI TEHSIL,230775,104107,112572,118203,776.0,14.68,0,105.5410425,3.84495,297.3904639175258,126668
BALOCHISTAN,Naseerabad Division,NASIRABAD DISTRICT,TAMBOO TEHSIL,131056,71810,63349,67706,683.0,7.2,1,106.8800,3.21,191.88286969253295,59246
BALOCHISTAN,Naseerabad Division,SOHBATPUR DISTRICT,FARIDABAD TEHSIL,58204,33400,28484,29719,137.0,6.69,1,104.3400,2.96,424.84671532846716,24804
BALOCHISTAN,Naseerabad Division,SOHBATPUR DISTRICT,SANHRI TEHSIL,88788,66681,43005,45781,331.0,6.39,2,106.4600,1.52,268.2416918429003,22107
BALOCHISTAN,Naseerabad Division,SOHBATPUR DISTRICT,SOHBATPUR TEHSIL,53434,41446,25960,27467,334.0,12.8,7,105.2910743,1.05239,159.98203592814372,11988
BALOCHISTAN,Quetta Division,CHAGAI DISTRICT,CHAGAI SUB-TEHSIL,58256,22511,27859,30396,3975.0,7.18,1,109.1100,5.12,14.65559748427673,35745
BALOCHISTAN,Quetta Division,CHAGAI DISTRICT,DALBANDIN TEHSIL,127468,60328,61514,65949,15363.0,14.69,5,107.6610418,4.47163,8.297077393738203,67140
BALOCHISTAN,Quetta Division,CHAGAI DISTRICT,NOKUNDI SUB-TEHSIL,22283,14029,10432,11851,16092.0,6.42,0,113.600,2.46,1.3847253293562019,8254
BALOCHISTAN,Quetta Division,CHAGAI DISTRICT,TAFTAN SUB-TEHSIL,18510,7666,7732,10777,9318.0,8.14,1,139.3800,4.74,1.986477784932389,10844
BALOCHISTAN,Quetta Division,KILLA ABDULLAH DISTRICT,CHAMAN TEHSIL,434561,151854,204811,229749,1341.0,16.27,1,112.2411201,6.43415,324.05741983594334,282707
BALOCHISTAN,Quetta Division,KILLA ABDULLAH DISTRICT,DOBANDI SUB-TEHSIL,61741,31050,27804,33936,1604.0,7.48,1,122.0500,3.68,38.491895261845386,30691
BALOCHISTAN,Quetta Division,KILLA ABDULLAH DISTRICT,GULISTAN TEHSIL,114984,66883,55190,59793,1536.0,6.98,1,108.3400,2.89,74.859375,48101
BALOCHISTAN,Quetta Division,KILLA ABDULLAH DISTRICT,KILLA ABDULLAH TEHSIL,147068,110937,71246,75821,413.0,13.04,1,104.9511352,0.45,356.0968523002421,36131
BALOCHISTAN,Quetta Division,NUSHKI DISTRICT,NUSHKI TEHSIL,178947,98030,86373,92571,5797.0,15.969999999999999,3,106.2710979,3.1354,30.86889770570985,80917
BALOCHISTAN,Quetta Division,PISHIN DISTRICT,BARSHORE SUB-TEHSIL,103423,95132,50802,52620,2474.0,5.97,1,103.5800,0.44,41.803961196443005,8291
BALOCHISTAN,Quetta Division,PISHIN DISTRICT,HURRAM ZAI SUB-TEHSIL,132102,58093,63679,68415,418.0,11.46,8,109.3310108,3.04,316.0334928229665,74009
BALOCHISTAN,Quetta Division,PISHIN DISTRICT,KAREZAT SUB-TEHSIL,137466,63375,65854,71584,2044.0,11.89,28,110.4410459,2.29,67.25342465753425,74091
BALOCHISTAN,Quetta Division,PISHIN DISTRICT,PISHIN TEHSIL,307610,131261,148376,159214,1199.0,11.59,20,107.2610765,4.96232,256.5554628857381,176349
BALOCHISTAN,Quetta Division,PISHIN DISTRICT,SARANAN TEHSIL,56302,28867,27516,28782,83.0,11.49,4,108.8210261,2.32,678.3373493975904,27435
BALOCHISTAN,Quetta Division,QUETTA DISTRICT,PANJ PAI SUB-TEHSIL,19011,15139,9287,9723,1205.0,8.17,1,104.6900,1.2,15.77676348547718,3872
BALOCHISTAN,Quetta Division,QUETTA DISTRICT,QUETTA CITY TEHSIL,1722746,638896,818823,903729,779.0,16.52,194,108.0911205,12.74304,2211.483953786906,1083850
BALOCHISTAN,Quetta Division,QUETTA DISTRICT,QUETTA SADDAR TEHSIL,527716,120512,250608,277024,1463.0,7.59,84,110.5400,8.07,360.7081339712919,407204
BALOCHISTAN,Quetta Division,DERA BUGTI DISTRICT,BAIKER SUB-TEHSIL,19497,5305,8914,10583,258.0,7.18,0,118.7200,7.08,75.56976744186046,14192
BALOCHISTAN,Quetta Division,DERA BUGTI DISTRICT,DERA BUGTI TEHSIL,48415,32403,22993,25422,927.0,13.04,0,110.8911032,1.09308,52.22761596548004,16012
BALOCHISTAN,Quetta Division,DERA BUGTI DISTRICT,LOTI TEHSIL,18058,8491,8095,9963,803.0,6.98,0,123.0800,4.04,22.488169364881692,9567
BALOCHISTAN,Quetta Division,DERA BUGTI DISTRICT,MALAM SUB-TEHSIL,27265,19504,14049,13216,957.0,7.25,0,94.0700,1.78,28.49007314524556,7761
BALOCHISTAN,Quetta Division,DERA BUGTI DISTRICT,PHELAWAGH TEHSIL,28054,11760,14123,13931,205.0,7.16,0,98.6400,4.67,136.84878048780487,16294
BALOCHISTAN,Quetta Division,DERA BUGTI DISTRICT,PIR KOH SUB-TEHSIL,40629,27448,18692,21937,1619.0,5.74,0,117.3600,2.08,25.09512044471896,13181
BALOCHISTAN,Quetta Division,DERA BUGTI DISTRICT,SANGSILLAH SUB-TEHSIL,10217,13700,4781,5435,1533.0,6.69,1,113.6800,1.53,6.66470971950424,-3483
BALOCHISTAN,Quetta Division,DERA BUGTI DISTRICT,SUI TEHSIL,120975,62699,56406,64569,3858.0,13.260000000000002,0,127.5210661,1.37,31.35692068429238,58276
BALOCHISTAN,Quetta Division,HARNAI DISTRICT,HARNAI TEHSIL,64056,51482,30336,33704,259.0,11.64,16,111.5410947,0.98186,247.32046332046332,12574
BALOCHISTAN,Quetta Division,HARNAI DISTRICT,KHOAST SUB-TEHSIL,12279,9908,5872,6407,1619.0,5.78,0,109.1100,1.13,7.584311303273625,2371
BALOCHISTAN,Quetta Division,HARNAI DISTRICT,SHAHRIG TEHSIL,20717,15262,8861,11853,614.0,10.43,3,110.3915783,2.48,33.741042345276874,5455
BALOCHISTAN,Quetta Division,KOHLU DISTRICT,GRISANI SUB-TEHSIL,17027,4057,7668,9359,174.0,7.72,0,122.0500,7.83,97.85632183908046,12970
BALOCHISTAN,Quetta Division,KOHLU DISTRICT,KAHAN TEHSIL,73833,26765,37348,36485,3754.0,11.06,0,97.6900,5.48,19.667820990942992,47068
BALOCHISTAN,Quetta Division,KOHLU DISTRICT,KOHLU TEHSIL,45152,26702,21528,23624,231.0,13.84,0,111.7510662,2.59315,195.46320346320346,18450
BALOCHISTAN,Quetta Division,KOHLU DISTRICT,MAWAND TEHSIL,41516,24056,19036,22480,2915.0,6.37,0,118.0900,2.91,14.242195540308748,17460
BALOCHISTAN,Quetta Division,SIBI DISTRICT,KOT MANDAI SUB-TEHSIL,7583,8057,3551,4032,1977.0,6.02,0,113.5500,0.32,3.8356095093576124,-474
BALOCHISTAN,Quetta Division,SIBI DISTRICT,LEHRI TEHSIL,44490,32576,21278,23211,1817.0,5.91,1,109.0800,1.65,24.485415520088058,11914
BALOCHISTAN,Quetta Division,SIBI DISTRICT,SANGAN SUB-TEHSIL,2665,3024,1223,1441,1378.0,8.2,1,117.8300,0.66,1.9339622641509433,-359
BALOCHISTAN,Quetta Division,SIBI DISTRICT,SIBI TEHSIL,125013,92665,58957,66039,1949.0,13.25,17,115.6610872,1.65153,64.1421241662391,32348
BALOCHISTAN,Quetta Division,ZIARAT DISTRICT,SINJAWI SUB-TEHSIL,92497,47408,44413,48070,1812.0,5.88,14,108.2300,3.57,51.046909492273734,45089
BALOCHISTAN,Quetta Division,ZIARAT DISTRICT,ZIARAT TEHSIL,67598,33340,33499,34091,1489.0,10.0,8,101.929883,3.61919,45.398253861652115,34258
BALOCHISTAN,Zhob Division,BARKHAN DISTRICT,BARKHAN TEHSIL,171025,103545,81100,89911,3514.0,13.89,14,111.0810805,2.69247,48.66960728514513,67480
BALOCHISTAN,Zhob Division,KILLA SAIFULLAH DISTRICT,BADINI SUB-TEHSIL,15345,6583,6625,8720,0.0,6.89,0,131.6200,4.55,inf,8762
BALOCHISTAN,Zhob Division,KILLA SAIFULLAH DISTRICT,KAN MEHTARZAI SUB-TEHSIL,33242,24168,15780,17462,0.0,6.13,0,110.6600,1.69,inf,9074
BALOCHISTAN,Zhob Division,KILLA SAIFULLAH DISTRICT,KILLA SAIFULLAH TEHSIL,132346,63472,62160,70181,4386.0,13.33,5,113.591110,3.02795,30.174646602827178,68874
BALOCHISTAN,Zhob Division,KILLA SAIFULLAH DISTRICT,LOIBAND TEHSIL,27962,25791,13087,14875,0.0,6.68,0,113.6600,0.43,inf,2171
BALOCHISTAN,Zhob Division,KILLA SAIFULLAH DISTRICT,MUSLIM BAGH TEHSIL,78711,44870,37564,41147,0.0,12.4,0,109.621094,3.18268,inf,33841
BALOCHISTAN,Zhob Division,KILLA SAIFULLAH DISTRICT,SHINKI SUB-TEHSIL,55326,28669,25905,29421,2445.0,6.15,0,113.5700,3.51,22.628220858895705,26657
BALOCHISTAN,Zhob Division,LORALAI DISTRICT,DUKI TEHSIL,152977,115976,70955,82018,4233.0,14.1,4,114.7712807,1.34361,36.139144814552324,37001
BALOCHISTAN,Zhob Division,LORALAI DISTRICT,LORALAI\BORI TEHSIL,203579,102426,94710,108863,2203.0,14.19,6,110.8412692,3.84324,92.4098955969133,101153
BALOCHISTAN,Zhob Division,LORALAI DISTRICT,MEKHTAR SUB-TEHSIL,40867,31745,19240,21621,1582.0,6.62,6,112.3800,1.34,25.832490518331227,9122
BALOCHISTAN,Zhob Division,MUSAKHEL DISTRICT,DRUG TEHSIL,37599,28638,17429,20168,848.0,6.32,2,115.7200,1.44,44.33844339622642,8961
BALOCHISTAN,Zhob Division,MUSAKHEL DISTRICT,KINGRI TEHSIL,31339,24822,14413,16924,3683.0,7.21,2,117.4200,1.23,8.509095845777898,6517
BALOCHISTAN,Zhob Division,MUSAKHEL DISTRICT,MUSAKHEL TEHSIL,98305,80596,44656,53641,1197.0,13.58,8,121.711118,1.05105,82.12614870509607,17709
BALOCHISTAN,Zhob Division,SHERANI DISTRICT,SHERANI TEHSIL,152952,81684,68561,84390,4310.0,7.3,1,123.0900,3.35,35.4877030162413,71268
BALOCHISTAN,Zhob Division,ZHOB DISTRICT,ASHWAT SUB-TEHSIL,20768,13247,9193,11575,901.0,8.15,0,125.9100,2.39,23.049944506104328,7521
BALOCHISTAN,Zhob Division,ZHOB DISTRICT,KASHATOO SUB-TEHSIL,5184,5165,2539,2645,1590.0,6.83,0,104.1700,0.02,3.260377358490566,19
BALOCHISTAN,Zhob Division,ZHOB DISTRICT,QAMAR DIN KAREZ TEHSIL,13831,5855,6345,7486,1286.0,5.73,0,117.9800,4.62,10.755054432348366,7976
BALOCHISTAN,Zhob Division,ZHOB DISTRICT,SAMBAZA SUB-TEHSIL,17465,15198,7617,9848,2888.0,7.09,0,129.2900,0.73,6.047437673130194,2267
BALOCHISTAN,Zhob Division,ZHOB DISTRICT,ZHOB TEHSIL,253106,153993,116420,136685,9322.0,12.98,1,116.1712313,3.37027,27.151469641707788,99113
KPK,BANNU DIVISION,BANNU DISTRICT,BANNU TEHSIL,958103,572957,472643,485436,802.0,16.58,24,101.6612379,2.92024,1194.642144638404,385146
KPK,BANNU DIVISION,BANNU DISTRICT,DOMEL TEHSIL,208968,102710,101779,107189,425.0,10.98,0,105.3200,3.8,491.6894117647059,106258
KPK,BANNU DIVISION,LAKKI MARWAT DISTRICT,LAKKI MARWAT TEHSIL,578874,339934,286257,292614,2541.0,15.71,3,101.611077,2.76356,227.81345926800472,238940
KPK,BANNU DIVISION,LAKKI MARWAT DISTRICT,SARAI NAURANG TEHSIL,296870,150091,147766,149103,623.0,18.87,1,100.9510054,3.7322,476.5168539325843,146779
KPK,DERA ISMAIL KHAN DIVISION,DERA ISMAIL KHAN DISTRICT,DARABAN TEHSIL,124318,73658,59784,64533,1540.0,8.22,1,107.9400,2.79,80.72597402597403,50660
KPK,DERA ISMAIL KHAN DIVISION,DERA ISMAIL KHAN DISTRICT,DERA ISMAIL KHAN TEHSIL,725449,362790,350595,374787,1167.0,15.16,67,105.6510987,3.36463,621.6358183376178,362659
KPK,DERA ISMAIL KHAN DIVISION,DERA ISMAIL KHAN DISTRICT,KULACHI TEHSIL,101892,67256,49184,52706,1229.0,15.58,2,107.4610622,2.51137,82.90642799023597,34636
KPK,DERA ISMAIL KHAN DIVISION,DERA ISMAIL KHAN DISTRICT,PAHARPUR TEHSIL,381086,218589,186355,194708,1657.0,15.91,23,103.9210671,2.11918,229.985515992758,162497
KPK,DERA ISMAIL KHAN DIVISION,DERA ISMAIL KHAN DISTRICT,PAROA TEHSIL,292343,130702,141383,150951,1733.0,16.16,9,106.2710997,3.52,168.6918638199654,161641
KPK,DERA ISMAIL KHAN DIVISION,TANK DISTRICT,TANK TEHSIL,390626,238216,190499,200100,1679.0,17.009999999999998,27,104.1511174,2.82146,232.65396069088743,152410
KPK,HAZARA DIVISION,ABBOTTABAD DISTRICT,ABBOTTABAD TEHSIL,982837,628766,479821,502980,1438.0,12.08,36,102.061136,2.03356,683.4749652294854,354071
KPK,HAZARA DIVISION,ABBOTTABAD DISTRICT,HAVELIAN TEHSIL,350252,251900,175375,174877,529.0,12.899999999999999,0,99.0710387,1.67225,662.1020793950851,98352
KPK,HAZARA DIVISION,ABBOTTABAD DISTRICT,ALLAI TEHSIL,180502,121652,90127,90363,804.0,6.75,12,100.2600,2.09,224.50497512437812,58850
KPK,HAZARA DIVISION,ABBOTTABAD DISTRICT,BATAGRAM TEHSIL,296247,185626,148185,148039,497.0,6.97,23,99.900,2.49,596.0704225352113,110621
KPK,HAZARA DIVISION,HARIPUR DISTRICT,GHAZI TEHSIL,144917,113049,72780,72137,595.0,5.8,0,99.1200,1.31,243.55798319327732,31868
KPK,HAZARA DIVISION,HARIPUR DISTRICT,HARIPUR TEHSIL,856598,579179,430486,426065,1130.0,12.219999999999999,47,98.110386,2.0253,758.0513274336283,277419
KPK,HAZARA DIVISION,MANSEHRA DISTRICT,BALA KOT TEHSIL,273257,214630,138200,135039,2376.0,6.0,18,97.7100,1.28,115.00715488215488,58627
KPK,HAZARA DIVISION,MANSEHRA DISTRICT,MANSEHRA TEHSIL,1017521,574975,507117,510187,1340.0,13.14,217,100.181032,2.82462,759.3440298507463,442546
KPK,HAZARA DIVISION,MANSEHRA DISTRICT,OGHI TEHSIL,264964,188552,138192,126750,409.0,7.06,22,91.7200,1.8,647.8337408312958,76412
KPK,HAZARA DIVISION,TORGHAR DISTRICT,JUDBA TEHSIL,96888,84628,47419,49459,149.0,6.47,10,104.300,0.71,650.255033557047,12260
KPK,HAZARA DIVISION,TORGHAR DISTRICT,KHANDER TEHSIL,74461,90054,37855,36600,305.0,6.51,6,96.6800,0.99,244.1344262295082,-15593
KPK,HAZARA DIVISION,KOHISTAN DISTRICT,DASSU TEHSIL,228350,137519,104801,123541,3515.0,8.28,8,117.8800,2.7,64.96443812233287,90831
KPK,HAZARA DIVISION,KOHISTAN DISTRICT,KANDIA TEHSIL,77101,46437,35302,41799,2088.0,7.74,0,118.400,2.7,36.9257662835249,30664
KPK,HAZARA DIVISION,KOHISTAN DISTRICT,PALAS TEHSIL,276325,166403,126843,149477,1410.0,7.64,5,117.8400,2.7,195.97517730496455,109922
KPK,HAZARA DIVISION,KOHISTAN DISTRICT,PATTAN TEHSIL,202935,122211,93109,109826,642.1,7.7,0,117.9500,2.7,316.0489020401806,80724
KPK,KOHAT DIVISION,HANGU DISTRICT,HANGU TEHSIL,270399,163117,140553,129825,669.0,19.64,21,91.869471,2.76241,404.1838565022422,107282
KPK,KOHAT DIVISION,HANGU DISTRICT,TALL TEHSIL,248412,151412,129179,119219,428.0,20.73,14,90.569884,2.66256,580.4018691588785,97000
KPK,KOHAT DIVISION,KOHAT DISTRICT,KOHAT TEHSIL,848997,470648,424465,424432,1414.0,15.82,100,95.6411283,3.15315,600.4222065063649,378349
KPK,KOHAT DIVISION,KOHAT DISTRICT,LACHI TEHSIL,143430,91996,72074,71350,1131.0,14.44,6,97.5110275,2.26262,126.81697612732096,51434
KPK,KOHAT DIVISION,KARAK DISTRICT,BANDA DAUD SHAH TEHSIL,155482,98626,80221,75250,1465.0,9.03,11,93.800,2.42,106.13105802047781,56856
KPK,KOHAT DIVISION,KARAK DISTRICT,KARAK TEHSIL,292829,175758,148851,143957,1299.0,18.450000000000003,21,95.910066,2.62323,225.42648190916088,117071
KPK,KOHAT DIVISION,KARAK DISTRICT,TAKHT-E-NASRATI TEHSIL,257051,156412,127932,129108,607.0,9.87,11,100.9200,2.64,423.4777594728171,100639
KPK,MARDAN DIVISION,MARDAN DISTRICT,KATLANG TEHSIL,343225,221546,172202,171021,422.0,8.14,2,99.3100,2.33,813.3293838862559,121679
KPK,MARDAN DIVISION,MARDAN DISTRICT,MARDAN TEHSIL,1403002,864017,693339,709607,857.0,15.65,56,101.3210541,2.79201,1637.1085180863477,538985
KPK,MARDAN DIVISION,MARDAN DISTRICT,TAKHT BHAI TEHSIL,627172,374537,306674,320494,353.0,12.85,4,104.4910462,2.76267,1776.6912181303117,252635
KPK,MARDAN DIVISION,SWABI DISTRICT,LAHOR TEHSIL,305782,187558,151162,154603,318.0,15.32,17,103.249635,2.69209,961.5786163522013,118224
KPK,MARDAN DIVISION,SWABI DISTRICT,RAZAR TEHSIL,584876,376106,294111,290746,418.0,14.86,19,98.7910028,2.37197,1399.2248803827752,208770
KPK,MARDAN DIVISION,SWABI DISTRICT,SWABI TEHSIL,406321,258006,206612,199677,389.0,15.24,32,96.769646,2.56219,1044.5269922879177,148315
KPK,MARDAN DIVISION,SWABI DISTRICT,TOPI TEHSIL,328498,205134,157665,170802,418.0,14.43,31,109.2510371,2.42296,785.8803827751196,123364
KPK,PESHAWAR DIVISION,CHARSADDA DISTRICT,CHARSADDA TEHSIL,804843,527152,393865,410974,445.0,14.379999999999999,4,104.0610564,2.46139,1808.6359550561797,277691
KPK,PESHAWAR DIVISION,CHARSADDA DISTRICT,SHABQADAR TEHSIL,379952,240751,188210,191741,204.0,15.09,1,100.2910704,2.35267,1862.5098039215686,139201
KPK,PESHAWAR DIVISION,CHARSADDA DISTRICT,TANGI TEHSIL,426165,254461,211223,214936,347.0,13.91,6,101.6110352,2.88138,1228.1412103746397,171704
KPK,PESHAWAR DIVISION,NOWSHERA DISTRICT,JEHANGIRA TEHSIL,353764,208704,174464,179262,718.0,15.280000000000001,38,101.1610786,2.81283,492.7075208913649,145060
KPK,PESHAWAR DIVISION,NOWSHERA DISTRICT,PABBI TEHSIL,438416,246120,217692,220708,351.0,14.87,16,101.2210256,3.08307,1249.048433048433,192296
KPK,PESHAWAR DIVISION,PESHAWAR DISTRICT,PESHAWAR TEHSIL,4267198,2026851,2068568,2198005,1257.0,16.71,625,104.3410854,4.23372,3394.747812251392,2240347
KPK,MALAKAND DIVISION,BUNER DISTRICT,DAGGAR TEHSIL,354809,197120,178195,176595,762.0,10.12,19,99.100,3.14,465.62860892388454,157689
KPK,MALAKAND DIVISION,BUNER DISTRICT,GAGRA TEHSIL,269971,151877,135495,134468,435.0,9.59,8,99.2400,3.07,620.6229885057471,118094
KPK,MALAKAND DIVISION,BUNER DISTRICT,KHADO KHEL TEHSIL,118072,69812,60056,58013,343.0,8.16,3,96.600,2.8,344.2332361516035,48260
KPK,MALAKAND DIVISION,BUNER DISTRICT,MANDANR TEHSIL,152608,87239,75809,76796,325.0,8.52,3,101.300,2.98,469.56307692307695,65369
KPK,MALAKAND DIVISION,CHITRAL DISTRICT,CHITRAL TEHSIL,278328,184874,134637,143676,6458.0,14.08,15,105.5511221,2.09259,43.09817280891917,93454
KPK,MALAKAND DIVISION,CHITRAL DISTRICT,MASTUJ TEHSIL,169297,133815,87297,81993,8392.0,7.45,7,93.9200,1.24,20.173617731172545,35482
KPK,MALAKAND DIVISION,SHANGLA DISTRICT,ALPURI TEHSIL,508361,297718,251029,257321,1105.0,8.22,11,102.5100,2.85,460.0552036199095,210643
KPK,MALAKAND DIVISION,SHANGLA DISTRICT,BISHAM TEHSIL,105950,57739,51505,54440,184.0,8.41,5,105.700,3.24,575.8152173913044,48211
KPK,MALAKAND DIVISION,SHANGLA DISTRICT,PURAN TEHSIL,145298,79106,70974,74321,297.0,9.38,3,104.7200,3.25,489.2188552188552,66192
KPK,MALAKAND DIVISION,SWAT DISTRICT,BABUZAI TEHSIL,599324,321995,289557,309706,297.0,16.18,61,106.5310731,3.16345,2017.9259259259259,277329
KPK,MALAKAND DIVISION,SWAT DISTRICT,BARIKOT TEHSIL,183777,99975,90697,93073,419.0,16.12,7,103.9510137,0.56,438.6085918854415,83802
KPK,MALAKAND DIVISION,SWAT DISTRICT,BEHRAIN TEHSIL,248422,125247,120520,127882,2899.0,16.3,20,106.1910587,2.11,85.6923076923077,123175
KPK,MALAKAND DIVISION,SWAT DISTRICT,CHARBAGH TEHSIL,126001,73682,61086,64909,161.0,8.18,6,106.2600,2.86,782.6149068322982,52319
KPK,MALAKAND DIVISION,SWAT DISTRICT,KABAL TEHSIL,420001,244142,211007,208981,485.0,17.240000000000002,13,96.5110583,1.12,865.9814432989691,175859
KPK,MALAKAND DIVISION,SWAT DISTRICT,KHAWAZAKHELA TEHSIL,265500,141193,129450,136046,392.0,16.88,4,103.7711132,2.3,677.295918367347,124307
KPK,MALAKAND DIVISION,SWAT DISTRICT,MATTA TEHSIL,465599,251368,234227,231350,684.0,17.23,22,98.3510302,2.77,680.7002923976609,214231
KPK,MALAKAND DIVISION,LOWER DIR DISTRICT,ADENZAI TEHSIL,317526,168830,157093,160421,372.0,8.51,12,102.1200,3.37,853.5645161290323,148696
KPK,MALAKAND DIVISION,LOWER DIR DISTRICT,LAL QILA TEHSIL,219567,129305,117009,102554,216.0,8.79,4,87.6500,2.82,1016.5138888888889,90262
KPK,MALAKAND DIVISION,LOWER DIR DISTRICT,SAMARBAGH TEHSIL,378004,190072,187088,190905,419.0,10.17,11,102.0400,3.68,902.1575178997614,187932
KPK,MALAKAND DIVISION,LOWER DIR DISTRICT,TEMERGARA TEHSIL,520985,290849,265013,255949,576.0,17.71,23,95.7410716,3.5705,904.4878472222222,230136
KPK,MALAKAND DIVISION,UPPER DIR DISTRICT,DIR TEHSIL,439525,235324,221423,218086,2051.0,15.24,16,97.7210571,3.3235,214.29790346172598,204201
KPK,MALAKAND DIVISION,UPPER DIR DISTRICT,SHARINGAL TEHSIL,185121,104058,93392,91723,1140.0,7.47,6,98.2100,3.07,162.38684210526316,81063
KPK,MALAKAND DIVISION,UPPER DIR DISTRICT,WARI TEHSIL,322755,175069,165951,156785,508.0,8.01,19,94.4800,3.27,635.3444881889764,147686
KPK,MALAKAND DIVISION,UPPER DIR DISTRICT,MALAKAND PROTECTED AREA,717806,452291,357333,360440,952.0,15.77,33,100.3110636,2.46239,753.9978991596639,265515
KPK,MALAKAND DIVISION,UPPER DIR DISTRICT,SAM RANI ZAI TEHSIL,303644,191996,151491,152141,280.0,7.88,12,100.4300,2.44,1084.442857142857,111648
KPK,MALAKAND DIVISION,UPPER DIR DISTRICT,SWAT RANI ZAI TEHSIL,414162,260295,205842,208299,672.0,15.739999999999998,21,100.2110636,2.49239,616.3125,153867
KPK/FATA,MALAKAND DIVISION,BAJAUR DISTRICT,BAR CHAMER KAND TEHSIL,2868,3247,1420,1447,13.0,8.43,1,101.900,0.65,220.6153846153846,-379
KPK/FATA,MALAKAND DIVISION,BAJAUR DISTRICT,BARANG TEHSIL,76493,50139,38179,38312,159.0,7.2,2,100.3500,2.24,481.0880503144654,26354
KPK/FATA,MALAKAND DIVISION,BAJAUR DISTRICT,KHAR BAJAUR TEHSIL,246875,116196,119894,126965,238.0,8.85,16,105.900,4.04,1037.2899159663866,130679
KPK/FATA,MALAKAND DIVISION,BAJAUR DISTRICT,MAMUND TEHSIL,311373,168283,151380,159978,250.0,8.66,15,105.6800,3.29,1245.492,143090
KPK/FATA,MALAKAND DIVISION,BAJAUR DISTRICT,NAWAGAI TEHSIL,78494,57264,37910,40578,216.0,10.03,6,107.0400,1.67,363.39814814814815,21230
KPK/FATA,MALAKAND DIVISION,BAJAUR DISTRICT,SALARZAI TEHSIL,267636,141750,133083,134539,220.0,9.12,14,101.0900,3.4,1216.5272727272727,125886
KPK/FATA,MALAKAND DIVISION,BAJAUR DISTRICT,UTMAN KHEL TEHSIL,107248,58348,53029,54217,194.0,9.71,2,102.2400,3.25,552.8247422680413,48900
KPK/FATA,BANNU DIVISION,FR BANNU DISTRICT,FR BANNU,43112,19593,20826,22286,745.0,9.74,0,107.0100,4.23,57.868456375838925,23519
KPK/FATA,DERA ISMAIL KHAN DIVISION,FR D.I.KHAN DISTRICT,FR D.I.KHAN,68506,38990,33146,35356,2008.0,9.56,4,106.6700,3.01,34.116533864541836,29516
KPK/FATA,KOHAT DIVISION,FR KOHAT DISTRICT,FR KOHAT,118839,88456,58851,59983,446.0,8.09,5,101.9200,1.56,266.45515695067263,30383
KPK/FATA,BANNU DIVISION,FR LAKKI MARWAT DISTRICT,FR LAKKI MARWAT,26394,6987,12709,13685,132.0,7.84,0,107.6800,7.23,199.95454545454547,19407
KPK/FATA,PESHAWAR DIVISION,FR PESHAWAR DISTRICT,FR PESHAWAR,64761,53841,33081,31676,261.0,8.98,4,95.7500,0.97,248.1264367816092,10920
KPK/FATA,PESHAWAR DIVISION,KHYBER DISTRICT,BARA TEHSIL,443449,286184,218433,224995,1430.0,8.28,21,103.000,2.33,310.1041958041958,157265
KPK/FATA,PESHAWAR DIVISION,KHYBER DISTRICT,JAMRUD TEHSIL,227557,96188,110894,116635,311.0,16.46,28,103.9710834,5.05368,731.6945337620579,131369
KPK/FATA,PESHAWAR DIVISION,KHYBER DISTRICT,LANDI KOTAL TEHSIL,273052,144714,131088,141939,679.0,16.94,25,107.8611131,3.59219,402.13843888070693,128338
KPK/FATA,PESHAWAR DIVISION,KHYBER DISTRICT,MULLA GORI TEHSIL,40188,19644,19254,20933,156.0,9.41,1,108.7200,3.83,257.61538461538464,20544
KPK/FATA,KOHAT DIVISION,KURRAM DISTRICT,LOWER KURRAM TEHSIL,133929,81323,67221,66691,940.0,18.45,17,97.8110369,2.43344,142.47765957446808,52606
KPK/FATA,KOHAT DIVISION,KURRAM DISTRICT,UPPER KURRAM TEHSIL,252436,185571,127514,124909,970.0,16.76,13,97.989699,1.75197,260.24329896907216,66865
KPK/FATA,PESHAWAR DIVISION,MOHMAND DISTRICT,AMBAR UTMAN KHEL TEHSIL,61951,30728,30538,31413,273.0,8.96,0,102.8700,3.75,226.9267399267399,31223
KPK/FATA,PESHAWAR DIVISION,MOHMAND DISTRICT,HALIM ZAI TEHSIL,78705,48418,38163,40530,211.0,8.81,12,106.200,2.59,373.0094786729858,30287
KPK/FATA,PESHAWAR DIVISION,MOHMAND DISTRICT,PINDIALI TEHSIL,89711,51276,43752,45952,454.0,9.69,7,105.0300,2.98,197.6013215859031,38435
KPK/FATA,PESHAWAR DIVISION,MOHMAND DISTRICT,PRANG GHAR TEHSIL,36569,18620,18281,18288,257.0,8.21,0,100.0400,3.61,142.29182879377433,17949
KPK/FATA,PESHAWAR DIVISION,MOHMAND DISTRICT,SAFI TEHSIL,98501,71503,48142,50353,322.0,11.04,6,104.5900,1.7,305.90372670807454,26998
KPK/FATA,PESHAWAR DIVISION,MOHMAND DISTRICT,UPPER MOHMAND TEHSIL,51154,80177,25424,25723,513.0,8.87,7,101.1800,2.33,99.71539961013646,-29023
KPK/FATA,PESHAWAR DIVISION,MOHMAND DISTRICT,YAKE GHUND TEHSIL,57754,33731,28455,29290,266.0,9.1,9,102.9300,2.87,217.1203007518797,24023
KPK/FATA,BANNU DIVISION,NORTH WAZIRISTAN DISTRICT,DATTA KHEL TEHSIL,75003,110006,37619,37377,1807.0,8.47,7,99.3600,1.99,41.506917542888765,-35003
KPK/FATA,BANNU DIVISION,NORTH WAZIRISTAN DISTRICT,DOSSALI TEHSIL,39945,20482,19173,20770,250.0,9.33,2,108.3300,3.57,159.78,19463
KPK/FATA,BANNU DIVISION,NORTH WAZIRISTAN DISTRICT,GHARYUM TEHSIL,11811,3917,5467,6339,320.0,6.85,5,115.9500,5.97,36.909375,7894
KPK/FATA,BANNU DIVISION,NORTH WAZIRISTAN DISTRICT,GHULAM KHAN TEHSIL,27015,13251,12786,14228,191.0,7.56,1,111.2800,3.81,141.43979057591622,13764
KPK/FATA,BANNU DIVISION,NORTH WAZIRISTAN DISTRICT,MIR ALI TEHSIL,184986,93855,90481,94496,605.0,7.7,9,104.4400,3.63,305.76198347107436,91131
KPK/FATA,BANNU DIVISION,NORTH WAZIRISTAN DISTRICT,MIRAN SHAH TEHSIL,100644,67530,48772,51870,402.0,16.22,2,101.9529781,2.38163,250.3582089552239,33114
KPK/FATA,BANNU DIVISION,NORTH WAZIRISTAN DISTRICT,RAZMAK TEHSIL,15681,5729,7451,8229,191.0,6.91,1,110.4400,5.43,82.09947643979058,9952
KPK/FATA,BANNU DIVISION,NORTH WAZIRISTAN DISTRICT,SHEWA TEHSIL,39290,22956,19290,19997,393.0,9.59,3,103.6700,2.86,99.97455470737914,16334
KPK/FATA,BANNU DIVISION,NORTH WAZIRISTAN DISTRICT,SPINWAM TEHSIL,46171,23520,21725,24443,548.0,12.43,3,112.5100,3.61,84.2536496350365,22651
KPK/FATA,KOHAT DIVISION,ORAKZAI DISTRICT,CENTRAL TEHSIL,59132,47122,29691,29440,399.0,8.91,1,99.1500,1.2,148.20050125313284,12010
KPK/FATA,KOHAT DIVISION,ORAKZAI DISTRICT,ISMAIL ZAI TEHSIL,23963,28843,11905,12058,275.0,8.28,0,101.2900,0.97,87.13818181818182,-4880
KPK/FATA,KOHAT DIVISION,ORAKZAI DISTRICT,LOWER TEHSIL,107323,65416,53550,53767,565.0,8.16,6,100.4100,2.63,189.95221238938052,41907
KPK/FATA,KOHAT DIVISION,ORAKZAI DISTRICT,UPPER TEHSIL,63885,84060,31582,32299,299.0,7.04,4,102.2700,1.43,213.66220735785953,-20175
KPK/FATA,DERA ISMAIL KHAN DIVISION,SOUTH WAZIRISTAN DISTRICT,BIRMIL TEHSIL,104282,58512,49948,54323,923.0,9.44,11,108.7600,3.08,112.9815817984832,45770
KPK/FATA,DERA ISMAIL KHAN DIVISION,SOUTH WAZIRISTAN DISTRICT,LADHA TEHSIL,110842,72278,53080,57755,466.0,6.36,7,108.8100,2.27,237.85836909871244,38564
KPK/FATA,DERA ISMAIL KHAN DIVISION,SOUTH WAZIRISTAN DISTRICT,MAKIN TEHSIL,58646,30528,27738,30906,404.0,6.35,2,111.4200,3.49,145.16336633663366,28118
KPK/FATA,DERA ISMAIL KHAN DIVISION,SOUTH WAZIRISTAN DISTRICT,SARAROGHA TEHSIL,98180,72063,46694,51479,813.0,7.57,7,110.2500,1.64,120.76260762607626,26117
KPK/FATA,DERA ISMAIL KHAN DIVISION,SOUTH WAZIRISTAN DISTRICT,SERWEKAI TEHSIL,54540,31472,25844,28695,398.0,7.2,1,111.0300,2.93,137.03517587939697,23068
KPK/FATA,DERA ISMAIL KHAN DIVISION,SOUTH WAZIRISTAN DISTRICT,TIARZA TEHSIL,45156,37708,21507,23649,734.0,7.99,0,109.9600,0.95,61.520435967302454,7448
KPK/FATA,DERA ISMAIL KHAN DIVISION,SOUTH WAZIRISTAN DISTRICT,TOI KHULLA TEHSIL,50413,36508,22947,27462,567.0,9.34,4,119.6800,1.71,88.91181657848324,13905
KPK/FATA,DERA ISMAIL KHAN DIVISION,SOUTH WAZIRISTAN DISTRICT,WANA TEHSIL,153156,90772,71796,81342,2315.0,10.19,18,113.300,2.79,66.15809935205183,62384
